"id","CEC_mean","CEC_stdDev","DriestQuartes_mean","DriestQuartes_stdDev","Longitude","NPP0010_mean","NPP0010_stdDev","NPP03_mean","NPP03_stdDev","OppCost_mean","OppCost_stdDev","PrecSeanslty_mean","PrecSeanslty_stdDev","Site","WDeficit03_mean","WDeficit03_stdDev","WDeficit8910_mean","WDeficit8910_stdDev","WDeficit99_mean","WDeficit99_stdDev","YrlPrec_mean","YrlPrec_stdDev","Buffer_Size","name","treecover2000_mean","treecover2000_stdDev"
"2_1_253",12.8304446879003,4.46634227683029,109.462780349949,2.94150214044615,-42.25,11819.518010746,1525.72355081988,135.282707257185,1311.71515420842,1951.28331149779,622.021760773081,49.8859058384944,4.65008213786476,269,277.474603150742,23.9829000076192,152.59956446948,13.1158846889173,150.153065059227,12.0715666878522,97.6062306695857,8.72021230258762,10,"",60.0941314412844,30.7030098098779
"2_1_254",12.8304446879003,4.46634227683029,109.462780349949,2.94150214044615,-42.25,11819.518010746,1525.72355081988,135.282707257185,1311.71515420842,1951.28331149779,622.021760773081,49.8859058384944,4.65008213786476,271,277.474603150742,23.9829000076192,152.59956446948,13.1158846889173,150.153065059227,12.0715666878522,97.6062306695857,8.72021230258762,10,"",60.0941314412844,30.7030098098779
"2_1_242",8.43881474928605,1.31814430968115,52.2294288578169,1.10933412554666,-44.98,12099.604791846,711.22556696772,6081.70918724722,8036.11935323982,4144.54878287221,465.791526147564,78.955977198862,0.704523457485741,258,313.957371895472,1.6622462042119,175.214518843093,2.30520761177607,231.154705012808,5.00513579092987,124.399518534771,3.25901791363185,10,"",13.1995099577794,8.15775155675211
"2_1_243",8.67368344827526,1.57892242155332,52.2446748255285,1.01297826582198,-44.96,12122.8936329541,710.020920131151,6683.15908515681,8435.57352927848,4097.79269609132,470.357955883472,79.1437139678366,0.663013084488313,259,313.788052493174,1.59708937448634,174.966198037828,2.07414659303153,229.867228852703,4.56623623333475,125.157003952787,2.96855899436802,10,"",13.7285223020127,8.81609962506009
"2_1_245",10.9456084422508,1.50709806584257,36.405017224988,2.05454344885276,-43.27,10675.6117150681,1822.72352765879,4122.57622198456,7230.45639464288,2602.53931180619,746.872793793153,84.1406519939074,0.883497713882061,261,229.95928445594,9.29675888226161,148.694350169865,8.48272290484132,158.442878975292,10.2995280512457,124.571136984286,2.83814908080826,10,"",47.256820993018,29.3164153733564
"2_1_244",10.7935184732142,1.51737564230914,36.1634854262726,2.18597788905075,-43.28,10793.5753408367,1809.23363990939,2991.8582045494,6732.52796476832,2572.54331538662,731.587599226338,84.2355821823275,0.917362915797242,260,231.723048913062,10.7157278979768,150.023191594103,9.83917728179379,160.143888508344,11.9477671546406,124.546191036359,2.86664827843693,10,"",47.1401654176848,29.5101554218838
"2_1_240",9.5446305683113,1.15077291000536,34.4466890218422,1.10010779760307,-44.19,11783.0444853691,809.822525988946,7825.92617789771,8467.85364593953,5420.99802045855,2634.68384793604,86.6146076462854,0.586215614720378,256,321.863494983675,5.15303567082131,199.550828991556,6.28029004607742,228.30998780318,6.71610817898889,113.165362973389,2.47375247804776,10,"",29.5517413594529,19.3466288959451
"2_1_32",9.24059266658665,1.36699177766187,46.8601466741884,1.43050815502333,-42,9497.40195532055,540.112782894293,17605.6637514384,1256.00309244082,5845.25699289417,1161.34404630314,77.0841684188933,0.554594007176299,31,410.35789527668,7.42103364493886,253.233514422651,6.68610400951687,275.706441355966,7.97932429708763,94.226792796046,0.941516146045124,10,"",7.69154315605928,7.41183954388345
"2_1_35",22.2901184990834,4.33204570931633,183.538774446938,5.32830900476132,-39.751,12020.9688811775,1105.37550468273,16348.9852300344,7969.8290164526,3603.98117477486,355.809655574502,39.3131412311638,0.722841578016243,34,320.96606297495,25.7442789841137,194.495555719019,11.0488141219411,164.753874769341,11.4990974320167,105.876896967373,1.30342702000944,10,"",14.1790574195602,21.8407676000864
"2_1_233",11.8201826430167,2.20700701776347,147.265055497026,6.20010077598641,-37.566,11511.3983700719,692.307714929303,13774.3006946742,6717.80763810419,4321.35186778166,677.133980995311,54.0258489501857,1.35790509045478,246,363.964964509573,25.6426462067228,381.262127186044,18.8785404702442,265.527900158564,11.6461987647894,105.799370079859,6.35049726451624,10,"",20.2716959848461,14.2239178838557
"2_1_46",18.462240831889,4.39392502955627,348.261769901419,26.1587630536634,-39.067,10818.1583769017,1099.23934834229,5674.0402359757,7610.31966711681,3157.90067413396,2044.85333308475,10.9588010712861,1.64277343748373,45,94.8446358729594,4.79917727515466,80.0844921493269,4.26338953920466,17.0348417923571,2.66643142951577,132.872778986607,6.61546289788707,10,"",76.6249594406473,25.19520981526
"2_1_44",11.7726746423317,1.25820367345968,34.7719232177415,1.48528374958312,-41.5,11916.2970418954,1026.776934394,4597.66524997907,8201.554341206,1840.21963097938,569.234552771803,80.5479052251687,1.0674347819341,43,598.360320449117,4.86014247800072,464.224374650316,3.82467300780909,347.413803023172,4.11125932474253,74.3421212962971,1.67374216013581,10,"",45.4556828285998,21.982853087422
"2_1_180",35.9575425136381,4.30895528009296,7.14967489243473,2.18796887910318,-16.56,7937.80761310174,3532.28379293888,6408.90796737506,6589.08109713689,7615.83925668531,9797.06064954266,85.2539119026028,3.49928395982307,179,951.262459860852,84.4521058498585,943.874654429729,79.1430891515627,917.887685245357,83.0008756998732,41.5894882506896,2.78606848216811,10,"",12.4987671547077,19.2716216875782
"2_1_208",15.346143311225,2.06719344847045,61.4915696654785,1.33283823452524,-4.274,6210.24545224664,1017.21043348536,11878.0370412666,1974.52237603442,2100.98130313528,1045.89758578493,29.9780982600964,0.544740562802313,218,601.042603030624,7.30800509611106,602.764215645564,8.2309663359918,603.131447826006,6.62402367390015,35.8010101375925,0.714808865799894,10,"",15.1698057801016,14.8852701233034
"2_1_231",15.346143311225,2.06719344847045,61.4915696654785,1.33283823452524,-4.274,6210.24545224664,1017.21043348536,11878.0370412666,1974.52237603442,2100.98130313528,1045.89758578493,29.9780982600964,0.544740562802313,241,601.042603030624,7.30800509611106,602.764215645564,8.2309663359918,603.131447826006,6.62402367390015,35.8010101375925,0.714808865799894,10,"",15.1698057801016,14.8852701233034
"2_1_223",7.25468087110429,2.23624282157288,0,0,-15.66,1715.77297853129,127.353405693953,4777.52483010978,396.197590580902,4056.6863128592,507.893380337246,138.807436918991,0.844695102143992,233,1057.84641504529,11.4369867497883,1104.87244931609,8.94664930742377,1007.33679216116,9.76927942455579,54.4083313383992,1.41435361045029,10,"",1.68618647104703,1.1
"2_1_123",10.8859589169342,1.99035836187528,91.7493173657845,2.23539900802309,-11.348,10182.8520400948,815.058036303756,20447.3145913049,1711.84150159997,2656.82188879777,637.656669323879,71.0054395734342,1.14084256438188,122,81.5267812990473,2.96062317803226,107.852258393746,2.34940373092297,120.506885467954,2.7968133390016,230.873142373085,4.17935250815413,10,"",62.6248521855045,7.82974169876052
"2_1_125",18.0840319998189,2.81130398591888,126.843839233957,3.82962344867074,-9.333,12778.6969514802,653.739393918538,7147.30849990339,9255.56733667509,2106.94570965182,1152.87758065861,63.4706722201945,0.605435749533545,124,181.314063271572,14.6107921801939,160.608732013329,10.0100961681601,151.575461064474,9.51370161133248,206.830736407578,5.24574589375169,10,"",76.3468664791636,9.98062563066827
"2_1_211",7.33224212167444,0.668860364916611,122.799246513235,4.89001014179816,-7.333,10658.9603344861,1215.11566802631,19305.0018675245,2434.57046621099,3878.88023969231,875.975588320196,55.1776091368367,1.11753416233013,221,189.164177533572,3.00791022487635,124.210032227801,4.27867132052346,66.5307988614939,4.35179749851133,147.388395355652,2.27683757778152,10,"",70.8115527440736,10.2450237852725
"2_1_199",8.08787774431837,0.770641090030613,189.261696680314,2.65871532941186,-2.6,8220.72486076726,1776.59410125444,15560.0225345418,3524.14417112657,4648.82072928886,162.410637562918,61.5107001263922,2.07369101833768,199,134.607755656141,3.56629414155798,119.520508493746,3.7276374380292,97.1371481453473,4.49803468269736,158.577483012606,2.69054702500517,10,"",61.6851429744299,9.66298993116195
"2_1_113",7.95207241758682,1.21792380959786,131.633612954835,8.17669644094096,-1.369,7702.5795555276,2141.8328948351,15067.9413443452,4945.50058571908,4649.69365851628,448.181626070584,59.273809266426,3.80471231117408,112,225.572956528945,16.5842719794321,219.450532078509,17.2118735701297,98.6532504197927,14.6949494131359,116.850362108882,4.07642218688597,10,"",62.9022874191944,10.1043756900579
"2_1_120",26.8093519848919,8.66792534614274,47.4890224074254,1.72136313006681,2.125,5135.33401267252,601.052898464558,9507.0984053149,1509.02459335513,3800.27893639357,332.395568247603,60.7367208278149,0.51059507822719,119,385.924454350658,7.51970043509575,423.717119469724,7.32518338822924,346.777759831738,9.13852591099403,87.1303314471209,0.647933608977105,10,"",26.6867590528798,7.16480422356866
"2_1_114",11.5899725053177,3.72776497946683,129.952729118517,5.06159879175836,9.185,8042.50594089151,459.499067495305,13919.7191610687,1109.01416291969,3177.11277522112,1051.5819092696,63.7133507570685,0.940494248294477,113,75.2646976765954,3.31939093709542,122.418615382501,2.73304903582399,70.8291519968897,4.78813603036952,236.41931734061,2.14482603947862,10,"",76.250750588591,3.42227657711618
"2_1_115",11.3907265350418,3.67855877483354,129.738862375019,5.0112320496449,9.183,8035.85897282366,461.951380100988,13915.8589414127,1118.16987304456,3160.14066638086,1050.990975936,63.7556740881508,0.923994761366368,114,75.4900420022892,3.29860976636951,122.564441955565,2.74878417919626,71.1855640975808,4.76026596308181,236.355312795468,2.1246031116811,10,"",76.1487680048372,3.4230549394594
"2_1_108",19.6055896963769,2.19931044951757,159.048725353408,10.6614372272223,6.848,4813.4856309192,1413.98585840546,9294.91447014524,2788.18637420169,2878.40025924474,1757.54829716429,57.7845593086516,0.726975756129396,107,33.0018359886218,2.23960398246087,88.3145353237099,4.21227597400537,55.8532849504814,5.03527252931453,225.399753554837,8.44864201177145,10,"",29.3366862433347,10.3100797159867
"2_1_103",9.39853306109169,0.992954996766297,128.780231210115,3.85370745078198,11.375,10707.2385008082,259.186719892868,17554.251427457,1162.31280079938,1221.4474221388,938.317362153664,58.5776460773373,0.494975262161634,102,61.2518572290179,1.87289836567349,88.8030376081694,1.66769539343976,37.2083581625983,1.5789880999956,147.64432921128,1.5446543645954,10,"",85.6103665341236,4.41783528960247
"2_1_109",13.1626309541004,1.087122557026,44.0147699626967,2.09761527652129,11.8,12143.0754933232,1389.3975720617,21040.0170730389,2407.35800786631,2151.74361088046,1454.61653488201,69.2027463913067,0.48782029880128,108,172.39011191004,6.00068973870766,174.68329929833,5.4030182253977,116.186582508876,5.54709923564556,126.823776815723,0.195344587850294,10,"",75.5623290263286,18.9886295270845
"2_1_201",22.3347479150531,1.32620337866928,137.080147567806,3.57978411094803,11.488,8410.25181293157,1150.84692274006,11333.0074360922,3819.39967228974,4498.12044429845,530.644126399126,25.0300563211881,0.577804774006814,208,341.723912120069,35.0766938857671,210.717589513694,26.3001699635862,197.853623251106,27.5801249676907,67.8924567995749,1.36730175361361,10,"",44.6106207916431,29.8774580913098
"2_1_148",27.9056633182814,2.2388830377819,22.0196366015279,8.04496297430745,39.35,6606.49341673605,1033.75726122162,12994.0376904571,1978.85953706927,3347.09814950567,1091.7139110599,129.261174186469,4.89972927148755,147,948.063876109682,24.5355005919148,876.733076328964,23.7720309851394,989.888573805206,22.1899648876962,51.643501401969,0.929985516553256,10,"",0.718777698054278,0.8613478826425
"2_1_146",26.0124364972723,2.53201242603916,0.998735119047619,0.0700991089707573,30.45,2123.83710768398,277.568708730879,8099.1684630102,725.345180860569,2367.82543207026,130.378279532608,105.400212585034,0.735686460322395,145,1110.6552490788,20.885949647564,1124.20225915887,22.3074210207557,1004.92919678288,17.2137643829881,60.1853679077966,1.09598285440913,10,"",3.74572704081633,1.62830848055564
"2_1_217",13.5718927333989,1.41235173615152,144.296828064848,11.6625287417482,30.316,11547.853517889,538.370810255875,8397.3738309983,10364.8192001753,3208.18082606264,1763.48286290099,39.1935910643605,1.20020841518997,227,302.56945182454,46.4720177216502,366.722377669774,53.9757197732049,461.227608487411,51.1250538806232,84.2357508069825,6.11925781009443,10,"",53.1076180664751,16.5859994085187
"2_1_92",13.5718927333989,1.41235173615152,144.296828064848,11.6625287417482,30.316,11547.853517889,538.370810255875,8397.3738309983,10364.8192001753,3208.18082606264,1763.48286290099,39.1935910643605,1.20020841518997,91,302.56945182454,46.4720177216502,366.722377669774,53.9757197732049,461.227608487411,51.1250538806232,84.2357508069825,6.11925781009443,10,"",53.1076180664751,16.5859994085187
"2_1_94",13.3744071806915,1.40715620912081,162.275143530025,5.48521980151391,30.535,11657.7777576067,483.339875033448,15659.1989776538,10440.1233692358,4193.17257616471,833.480444089733,42.0275664470757,0.644521422746316,93,206.831992996241,18.7263625311652,265.054592015267,15.2334548607027,338.552941506314,13.476966448326,97.6166149036772,3.52599576261847,10,"",54.1506278421115,17.8132460022307
"2_1_95",13.8357529627066,1.04398641440469,190.433112869999,9.44632508340119,30.394,11358.9170847585,614.959097336683,4384.81802016698,7856.85578461311,3603.3080442933,1937.79808872525,43.5296866529329,0.624628582298146,94,143.026774549134,15.5014726912286,163.088478162301,24.9546694877513,239.157175900828,27.4842734653885,115.583979317331,4.25836832272693,10,"",78.3599479561965,16.1615095050703
"2_1_97",15.14632272831,2.07731104898204,118.372606008025,8.28241676422906,31.5,11573.6490264318,1544.83223457528,8983.79504392149,10180.6265418331,4944.29676055586,184.553247318714,42.2415898492571,0.598580736468856,96,156.400838665365,11.2961751763545,294.560541073899,29.8632835640196,325.58771915555,28.9766128592376,107.688634753168,5.28875981616523,10,"",73.2130029280989,28.3521421346988
"2_1_93",21.9299965989612,1.65186642382045,249.150515575817,19.1410845312604,34.879,13537.0336925096,524.327095275879,642.949354173451,682.281006410033,3783.30749554383,793.189565046964,37.3158688809291,1.68941897682328,92,363.147338000651,12.8107930634257,210.073272122068,6.49729157191868,190.177621295995,7.39483824020981,156.806741089212,5.34826241489018,10,"",56.7690654509932,32.0886340829695
"2_1_121",36.046079695451,1.83060069709873,127.844544095665,8.90279134084476,36.45,12255.6690999422,835.537887147768,720.452043746169,2844.2599400439,4350.2377639237,710.613414432933,51.439612435612,1.52687709418152,120,192.628766941604,17.8449715982122,187.485394318055,8.38674714565546,299.005611654174,8.58661782380166,133.384086565157,8.30110330210454,10,"",43.4291920723511,15.697774420771
"2_1_59",12.8621367947798,3.3174389393757,104.145420135096,1.83939537384316,39.5,11613.0791885117,607.783310328441,16768.4637073696,7962.31631621549,3313.87008924232,345.611246028686,76.5910818421012,2.30068469667483,58,737.606046094841,49.9344162588934,477.656816300364,44.9276158201958,452.681959691233,30.9939482610207,108.912172555487,3.35819603436986,10,"",25.7337856995985,20.7323537258678
"2_1_54",18.8840728654005,2.76395101733394,20.7838719718355,1.81764793037408,35.967,12027.5966685434,1201.76307876419,2850.02225036762,6125.9577936088,2160.32451450718,1731.84410110089,94.0764863095302,3.03894354232585,53,310.877746412357,37.7404361124108,295.228897904415,35.8128423225367,239.243768358611,37.6257633556742,108.932434120028,8.85167997887454,10,"",70.0517672566467,18.8773248037303
"2_1_49",26.2604044620438,2.1334843705405,252.714418797226,6.56401968717528,43.314,11424.5391112864,740.950797677596,1218.67474090142,4582.72342249257,8522.29850904102,8717.24499132483,46.2593158058172,1.71958950405105,48,510.544888670535,65.1311114324766,290.903038336796,38.6108627356524,130.908110705303,29.2621746187721,188.609490687871,2.75012408199212,10,"",16.9160946329938,23.7174660851763
"2_1_82",23.7274456393052,3.48115780194241,178.133992103436,11.5026246976431,29.686,11615.1949459231,965.365247290164,2610.52719324887,6781.63976616483,5430.12552894807,1506.24766249668,35.2258655848664,1.96060791390429,81,67.2950997194263,15.5766722310693,90.6144567036645,20.2782906127154,148.351144893266,32.5501398319864,111.869512348281,5.00182402790451,10,"",79.1115389621659,18.6548321836927
"2_1_16",12.48537223636,3.10772152753928,151.261133275568,10.4306039061191,32.074,11279.7409174161,1737.35647698543,3836.10528082238,7711.2130286298,4899.64512157199,1748.46447895927,32.3300705559734,1.6457366659889,15,363.173843665992,21.0668692641995,287.490731070741,17.4536759898212,241.910800491321,26.281047867881,88.8749042639314,2.49988109399691,10,"",51.9571617645659,22.0538345369974
"2_1_34",14.417643416366,1.41904641491618,224.914554915787,46.4975419257658,48.492,11332.6695796839,782.867790033344,126.174697991399,1180.67721101221,3243.40445805793,882.876238032643,64.6856441994848,2.66485527734858,33,70.8275420554032,22.4327122318695,119.942678081738,24.2204207901988,109.640208626276,40.0940110488417,177.315797994522,27.4665589365018,10,"",76.4484712257906,17.3891424323764
"2_1_33",14.4622611061383,1.17547366648839,247.008494137199,47.265898729663,48.522,11413.6112412091,853.854824828858,321.198504293232,1572.90365656249,3363.38785975292,900.081323349464,62.8039372582813,2.58308295608296,32,60.2689664782499,18.3636460932324,107.772384891291,20.5630918805573,89.567336725517,34.0550531543956,189.694291290057,27.8954217195974,10,"",72.789144328522,17.7638425933526
"2_1_41",11.247469915949,3.38389921226114,6.77202757873688,0.736191502564794,46.75,9178.86785377612,1456.55267919162,17644.5224151795,3150.73241002374,830.650445371405,331.757163713731,118.888914347609,0.634735535031783,40,761.291251805254,7.02923008715302,765.574610552599,8.1861989726261,758.621471942177,6.74536244051942,123.289529209633,1.07499991040987,10,"",30.2933156973838,16.9354141148285
"2_1_10",12.9930352371386,1.47837702041183,57.6231293005875,1.80072545774108,116.369,11543.4607396071,1002.73082422271,3243.64069995149,6503.34106915004,3050.7008220204,1650.18692723394,65.2866549289449,0.77251060868758,9,613.50346592168,26.7561383247624,637.1896890157,26.9127895630187,668.887900265296,25.0728686171475,65.7186464764179,2.81840824249448,10,"",52.4534503512334,15.0887792500476
"2_1_14",9.70239980789322,1.42261734500043,52.456589424958,2.69167016464455,116.08,11504.5903727978,1034.74786363805,10425.5293471277,9459.9206698274,20427.8695527266,3515.69501446395,80.1647608813454,1.12830371004852,13,736.600996672146,29.142228070176,764.098520368871,30.667544634379,755.583343283217,28.4453738690831,90.8080752409206,5.66435280143295,10,"",37.8192029684329,20.2196697056575
"2_1_206",9.42566233714154,1.41194792860668,53.1931734791223,1.29021283613084,116.11,11402.5389352953,1096.77358823157,9087.12821080194,9200.2365036767,20584.0237850937,3589.05071957255,79.2528069274235,0.788868343844646,214,723.955160251708,17.7023511930777,750.48071915632,17.8513087783075,744.222354211002,16.8636374457419,93.2964831893422,3.15878571728659,10,"",46.6243212005577,14.9500724837794
"2_1_203",9.59151167248443,1.34986623574394,53.499028325236,1.73676506727963,116.102,11420.3673856792,1116.26332451304,7955.39234174455,8882.85902006306,21033.8474437717,3262.5093763218,78.9644605371712,0.823154756703624,210,725.3590147279,18.2443754393345,751.009916020137,18.4468980414493,746.933435695298,17.3781453710621,93.9666751884302,3.46279743811503,10,"",46.0244477037309,15.906028741024
"2_1_52",21.1738939102663,3.86825061049956,57.8547099134677,17.2402007438768,120,11417.5870292898,1334.51600085006,6246.38468452274,7956.71147724561,5637.14458688111,802.481151698695,75.9060630698646,3.07832074414757,51,472.160764425242,30.3208239705958,551.978898108694,44.8111976645699,397.164771995879,44.0747035172607,127.821682956744,20.4092791828651,10,"",42.7926096898976,33.6608040084
"2_1_47",16.6297233137567,2.9580286081437,5.38878139043087,0.770052185782289,132.587,5534.19527897629,380.305846699398,6785.70151273971,574.202952096483,950.754024666172,1352.41899482514,107.29462331483,0.491116805695044,46,631.148060622081,7.2767588631822,582.593296325667,8.78606836104754,448.340977178606,8.28862807620167,118.663274240153,0.598938882845215,10,"",12.4657361882104,3.75360702986897
"2_1_48",17.3468066500058,3.45483447135217,5,0,132.83,6242.32603945282,606.166115160647,8651.78979680713,808.008376337699,579.199272433372,282.11185149059,108.972645953528,0.373170817089515,47,641.496906261578,6.06207219850847,592.077440939325,7.08110714630409,474.579694419452,7.59189725429339,121.980406362527,0.463994818918811,10,"",9.97492192875668,1.7560054220089
"2_1_63",28.2285500233688,6.34410155019458,437.994220954668,36.8186770064888,129.567,8949.80305116905,1174.24558706963,8388.24032929367,8632.9627298587,5503.00247082742,437.227413321164,38.8046832782948,16.9257189543509,62,51.7331383872194,34.3744653180759,85.6757241187394,32.9366507681441,0,0,259.601810835303,36.6697953589253,10,"",63.3847811491565,42.1251717697571
"2_1_62",16.6931414712176,2.81711056407804,408.660847799233,13.5153260923933,129,9559.60972411851,298.136515118291,0,0,5091.37599077943,646.228564531521,20.8659276596667,1.92822832756289,61,77.9875315143503,6.88794914481801,126.00093221402,12.3501225464788,1.19479661053681,1.57141213535365,193.399978702179,6.80003891924461,10,"",96.8663394230978,2.86346600423186
"2_1_80",18.3370618080277,4.268240812647,341.4013992082,23.9003603920852,120.128,11234.5975751606,1687.82020577682,8305.51312865977,8671.70822389218,6899.81614563177,546.172011965591,19.9866695590867,3.0925835668017,79,21.2667850751125,3.07906744524568,114.353000433863,15.5472056189276,140.910302438672,20.9253743802469,146.80773201446,3.26354195792713,10,"",86.4843972015836,17.6105926828081
"2_1_79",19.5201690791466,4.86730773435954,339.85331584254,24.1370995017928,120.142,11070.7238002631,1510.23573790268,4287.34819688643,7114.0993875837,6427.5716647775,1074.68933317677,21.5047322715988,3.73061550168262,78,25.7377374718576,3.00908101989283,117.055724103753,10.3736660520717,139.267165551809,17.4097281258149,149.07424827965,4.39763823170496,10,"",88.4631988638212,16.3839880367224
"2_1_74",16.0268222920427,4.74630764246213,341.741712302771,37.0462547151627,120.036,11988.7500989261,641.6030350885,1395.89018020371,4253.18809483052,6201.61648566665,487.613496244428,25.4479965298487,4.0795750792748,73,30.0921849301451,2.60661818942047,112.981512982671,7.279022454139,127.875541759294,10.5858558108172,161.865829526846,3.31421829161806,10,"",91.0204088271973,10.334643318217
"2_1_77",24.7639503721124,4.16009285992083,486.804392493493,16.412124933645,116.9,6308.67258764903,1004.85034637751,12308.1599186223,2222.91178926949,2965.4203590412,1002.13807360124,14.9368750285375,0.967144379430914,76,4.97133586112169,0.965743370593724,85.4748137343167,6.43533212266011,68.3248410032664,4.17560566930579,203.491642051764,4.56323845126686,10,"",10.972610166551,17.4546082934709
"2_1_214",19.7670341863044,10.357743224122,403.712751648733,8.15069576760032,116.636,10624.0946298668,1630.36513625354,10640.7824661738,8612.86402630453,5883.98624912992,687.810077184144,23.1660013884068,1.64706089532371,224,6.64303844151337,0.6478055061897,102.082298930822,5.60762841287552,71.5994545802961,9.44886202546307,191.833350064563,1.56068470640563,10,"",83.8232493057966,10.7132224772538
"2_1_83",19.7670341863044,10.357743224122,403.712751648733,8.15069576760032,116.636,10624.0946298668,1630.36513625354,10640.7824661738,8612.86402630453,5883.98624912992,687.810077184144,23.1660013884068,1.64706089532371,82,6.64303844151337,0.6478055061897,102.082298930822,5.60762841287552,71.5994545802961,9.44886202546307,191.833350064563,1.56068470640563,10,"",83.8232493057966,10.7132224772538
"2_1_216",15.2488654051145,1.7589888649974,638.060211554109,33.9065273086987,114,12294.6852749795,742.078792143605,4099.91034729837,7629.28926728581,4457.63313645999,593.872478896739,21.4837103336046,1.4184311063273,226,0,0,9.75798994830321,1.37410578121551,0,0,307.532530929776,7.68194384807777,10,"",96.2852291836182,3.46518750361171
"2_1_90",15.2488654051145,1.7589888649974,638.060211554109,33.9065273086987,114,12294.6852749795,742.078792143605,4099.91034729837,7629.28926728581,4457.63313645999,593.872478896739,21.4837103336046,1.4184311063273,89,0,0,9.75798994830321,1.37410578121551,0,0,307.532530929776,7.68194384807777,10,"",96.2852291836182,3.46518750361171
"2_1_89",13.3616753081303,2.51710891565042,498.145397920872,31.6377458634471,111,10175.7302302273,1739.7821025925,5165.01670030601,8036.24945626275,5008.62508740465,27.3307582673276,23.3545695249257,2.39111946602123,88,0,0,16.3671058524565,2.49396715276237,0.404053721668801,0.482483329385876,252.836806599091,3.52499717709381,10,"",89.8436096100007,6.00609906231419
"2_1_87",13.4767094565354,2.17261619230675,476.752017091051,7.370557637365,110.25,11072.1552519293,255.056282408591,54.1375200624648,738.019845212932,4822.81404047165,535.491103000836,25.986986509348,0.512072398207479,86,0,0,39.278944336437,2.63783272289289,6.07070211396925,0.814047350317932,250.063819923479,1.55522250750152,10,"",93.203314102286,4.91313432432789
"2_1_76",13.1549501917192,1.19359478519748,516.288458619718,13.845989495481,112.367,11344.5747608563,780.561802657339,10858.9550421717,8833.13944566122,4632.52406413481,239.353262759961,21.8991565664231,1.29095594989131,75,0.225769353078496,0.357524414818068,24.5192024536249,1.3972516328899,0,0,247.775626403745,1.52698647742123,10,"",93.4205784783504,4.38840959937313
"2_1_69",22.6077864054296,1.66050747939413,411.601687379357,10.0855980907469,106,7452.19211809034,2293.62039508079,6148.03138379953,6094.37842354068,5213.23358018346,509.72264749368,32.9938404146876,0.929265480490506,68,26.9043456886517,1.47990395796551,71.7664240820594,1.3666047545414,0,0,224.619647819643,4.58229641266012,10,"",64.553842149782,19.4029274403578
"2_1_75",12.3272251012349,0.931958045238501,354.697867632704,3.58108760453343,103,9794.01890195862,1355.85721492764,20525.8113664502,2811.43114052844,5920.76308429362,272.608052962201,30.8562333239333,0.415729812545306,74,47.8316937460682,1.91201462008963,40.5016079524501,0.974267274169628,9.39671052155867,0.991188860882799,213.494408708045,2.11112642868453,10,"",88.7136597323153,8.389938351047
"2_1_99",16.651054332393,2.7498119508308,605.455304279027,86.9323531741431,98.5,12023.56037255,1766.75743155109,14667.878944306,8664.22981461279,4904.92243717063,1072.83144593697,23.3158172347861,1.83595802499041,98,0.0539221836930237,0.188725467161537,1.70168155928496,0.343832589238788,0,0,288.855038664627,27.8514683749125,10,"",63.3462597870172,38.749259367377
"2_1_163",21.0856317465709,2.46394140262559,38.5689800621386,3.68315503027381,98.515,11895.3640473519,738.32423985965,17352.6037322984,6964.65556845317,2903.60682795801,1596.41799941763,75.484249295282,1.77300282660171,162,373.881326172987,39.8370644984419,399.327141681833,29.6373143312498,279.631773694643,21.1288264369987,84.5817911102508,4.55616132547154,10,"",72.8583362482253,15.9108291604132
"2_1_152",19.821163609593,2.5068461994008,22.9112682243186,3.27046093445519,99.158,12596.1648227627,964.900721594641,1754.85856673709,4125.35989240395,944.414485019249,507.866886771496,83.3044533227352,3.09245633615781,151,238.091873749311,12.8496242045573,260.361400218112,14.6589476332218,175.155257946883,8.7638154888075,122.890128353658,5.93744874079943,10,"",78.821061769197,6.59687617239862
"2_1_174",17.7504007959471,1.61516896683769,57.6888616078167,1.47104268636672,100.871,11024.7591724805,947.751341454073,6751.47618096999,8164.23552332096,6204.49761547891,2160.54494685213,77.7383096692394,1.51824228047078,173,169.473382506348,5.62025961113106,171.216507820998,4.46961188338879,124.053598082722,4.58957798969721,114.382809656049,7.76170985356857,10,"",40.1141813498093,21.9442194388198
"2_1_171",16.3316878075274,2.01376156952757,55.0036049172692,3.54248141849772,105.358,7697.67174607083,1469.55356929227,15494.5720494453,3487.98664591804,5954.88393917015,737.742187232416,83.3322093282297,2.27758922023412,170,187.809291269215,10.4596990053155,151.583933078891,8.15086953226537,139.339286678683,8.99252630627593,131.129044596339,5.52297901982597,10,"",24.838436924074,25.785537365807
"2_1_101",12.7585597555876,1.60659630876151,459.413654400764,16.9435018705455,103.4,10258.9419746613,1685.9601777636,19265.2855996704,2989.96594399337,5862.8480525497,829.043618208666,33.5575709608171,3.3227439311381,100,9.01144462273493,1.54703368345853,9.70754597496093,0.24095549041423,1.67123566146974,1.52191966816357,220.166439755776,4.99777230922337,10,"",84.592959212438,21.3006084853159
"2_1_100",12.4730355258795,2.40873551659694,456.119678139979,6.75915904509064,103.3,9039.57958089403,2742.90493616672,17164.6699020627,5151.67538763471,5949.7313750758,1598.6518979687,21.3985945734921,0.970170339004967,99,5.68323320392422,1.00667233392733,10.0852540960388,0.955129839953353,6.44131494856169,0.895393639489296,204.423318795941,3.12044492539365,10,"",67.1816535450149,24.4052427698568
"2_1_98",11.1084884260649,1.90093464912466,496.769683758459,16.3784160093909,103.495,9682.33487351786,2707.24743132602,18414.6921792405,4721.17917095764,5889.95063102599,289.547089193372,18.3471933020996,0.877314706914246,97,6.26466069466134,0.482438328538552,12.0066591457916,0.675220349363387,9.58024611024351,0.379163059896921,212.007421509913,4.31782922686837,10,"",77.6250759153219,14.9361616662656
"2_1_96",17.3854316453786,3.57984979348232,489.573016513239,9.94974318295941,103.833,6359.73674278166,2185.53802783881,12138.6225231176,4169.21352684148,3546.70747624125,2089.6187646845,23.5225752111607,2.36412719651657,95,10.9921421519166,1.68916941994376,20.3449405933172,1.46462249589392,5.07443572857107,0.973692832697991,201.649792250436,5.29332428014361,10,"",20.9522724560319,23.7414455731995
"2_1_102",14.7981042915163,3.84639986665577,776.689131636269,27.2620223373858,115.833,11271.7073702006,825.345049665015,3357.2602490328,6847.04012811827,4724.02775926601,377.983034900832,11.4241685360382,0.502946416372432,101,2.08246095993584,1.15817194601084,10.4939632105705,1.20294528751025,0,0,299.038904152507,15.5571631696704,10,"",95.6045385090542,3.18997917053968
"2_1_105",11.9785516230369,1.10069131480976,576.470497835498,23.326508697886,116.467,11717.4836068477,579.265135478082,396.827316017316,2387.27906576288,4211.52782661316,1413.29405583096,16.12920995671,0.390874856247275,104,24.0364141414141,1.60161136431466,30.0457304784862,1.18371439625747,0.0833089826839827,0.327303162501039,240.193548044973,11.735397198472,10,"",94.9826082251083,2.99829381696753
"2_1_104",12.4034168110562,2.15833497135997,544.820371912896,17.0016250585497,114.043,11139.0872118951,1132.62751826801,2063.71303175,4710.95936126147,4559.39352583939,736.482108999896,24.4437533129239,0.849894922092377,103,6.35095358120317,1.3771446178257,22.6498849143089,1.1387460767657,0,0,245.233309986835,3.71847339343751,10,"",82.5790720567713,15.6384252651594
"2_1_106",13.5118914814013,4.46346478702726,514.314530524812,14.8924617096144,114.083,10208.6969002464,1799.23132893152,3591.59177340117,5860.60546768356,4370.35728829271,1296.05230274417,25.856133631928,0.954036345667644,105,9.55111179629209,1.27461902674778,25.3191135741565,0.988516428950719,0.109211537005182,0.261111592045702,241.109056683069,0.92316444817633,10,"",79.1618685967133,21.4172086378625
"2_1_218",13.5118914814013,4.46346478702726,514.314530524812,14.8924617096144,114.083,10208.6969002464,1799.23132893152,3591.59177340117,5860.60546768356,4370.35728829271,1296.05230274417,25.856133631928,0.954036345667644,228,9.55111179629209,1.27461902674778,25.3191135741565,0.988516428950719,0.109211537005182,0.261111592045702,241.109056683069,0.92316444817633,10,"",79.1618685967133,21.4172086378625
"2_1_118",28.7838693310317,6.9684885825137,368.702342039117,7.06446362543091,116.55,9893.62180766133,1637.75423483681,11428.9016441225,8661.69279209892,3589.12778747576,1495.34442318593,21.3430423854062,1.00580285052517,117,30.5306059886872,13.3824161212626,41.6699076757411,19.0217559827277,6.04844097795325,5.30475496198543,177.442310324157,3.87057381332751,10,"",84.8877633580375,18.4529296419437
"2_1_117",17.0110804582229,6.03165722749821,421.389499126006,40.7555933810058,116.703,10932.8405825489,1505.28477209434,6761.08606632814,8076.58930577471,4947.54403665766,1535.7795205704,19.1759101404864,1.49386247515239,116,39.2065260004173,8.26367053654997,48.8076677345543,9.96056447444086,11.1493513383255,4.78187048033542,190.575881837983,10.4990617790017,10,"",77.8078400483395,21.6894199256036
"2_1_110",11.9567246005787,1.35731031641611,514.845034329892,5.80117106904892,117.8,11126.9057282016,716.550681119216,16.1005460344921,407.621855155998,5544.7077777341,11.2712276001818,13.2792452830189,1.47576530746194,109,20.8948297922185,1.32360781053336,48.9148732144935,3.76582049867003,11.1733722585644,1.07786745688525,192.722092612589,3.18996418985183,10,"",96.6309563713035,2.18598586929593
"2_1_219",11.9567246005787,1.35731031641611,514.845034329892,5.80117106904892,117.8,11126.9057282016,716.550681119216,16.1005460344921,407.621855155998,5544.7077777341,11.2712276001818,13.2792452830189,1.47576530746194,229,20.8948297922185,1.32360781053336,48.9148732144935,3.76582049867003,11.1733722585644,1.07786745688525,192.722092612589,3.18996418985183,10,"",96.6309563713035,2.18598586929593
"2_1_220",11.9567246005787,1.35731031641611,514.845034329892,5.80117106904892,117.8,11126.9057282016,716.550681119216,16.1005460344921,407.621855155998,5544.7077777341,11.2712276001818,13.2792452830189,1.47576530746194,230,20.8948297922185,1.32360781053336,48.9148732144935,3.76582049867003,11.1733722585644,1.07786745688525,192.722092612589,3.18996418985183,10,"",96.6309563713035,2.18598586929593
"2_1_111",10.9778047642871,0.989905010747639,561.418298746217,11.1964501493588,117.292,11475.5554042369,638.32274894464,50.8904993514916,1042.02859956641,5470.01929961686,147.666546320071,13.0541612624298,1.47315909605166,110,25.2804816976509,2.20999233688353,37.7962522845184,0.867594102805947,9.52421188211558,0.393153473180953,217.664389957374,6.48590823539667,10,"",96.6692390834415,1.87609550666886
"2_1_116",14.1168348070481,2.42211690929359,549.456611190911,8.43114400124031,117.644,11118.3245552629,1623.32007198705,458.485954661799,1617.29339711435,5419.34360080456,27.8339260491852,27.6406855809834,1.48834623921926,115,34.3954609599718,0.961482764594727,36.9321612030362,1.45379678799885,10.4069215095453,0.566113149485727,256.053430494361,5.39905694432139,10,"",81.9252319289795,15.3479579854382
"2_1_112",19.5443237166012,2.22678089099804,470.476652582211,6.68817462059541,118.625,10887.0982476788,428.532416641317,164.710980472676,1108.45572210917,5455.34481115935,163.424020558935,23.0707392718588,1.19013817603615,111,37.2558427079618,2.22903153104875,71.1853644291672,2.82921978007066,25.5868085198353,1.18925097872705,198.361642757613,4.13014210663963,10,"",95.4053081470115,4.79814575874408
"2_1_238",11.6663276680649,1.2015642589384,135.008845199165,2.16712417014078,113.6,8123.01780285028,1599.77601987346,17512.2487609478,4170.83340687668,9352.47140875307,1114.5105019898,58.8815255506088,0.872102765031809,254,269.287276079219,6.02114510990793,160.27393339894,4.08664932660646,145.032544028998,3.36539111437033,126.325766211682,1.45222903487753,10,"",16.9242543635003,16.9556523986811
"2_1_182",21.3948514298349,6.54514954656124,208.906950784951,4.65088563798329,129.333,13612.9290015451,1819.12585249359,18156.4333792681,3767.94979854788,15697.4522433668,8935.52939331775,52.278618143309,0.587017694859841,181,46.8228264094196,5.8241292744822,47.1594815039388,6.16622345662801,27.3483763499159,5.74445352569318,163.404899796864,3.08765615347951,10,"",45.9664263645726,40.2350558413873
"2_1_173",13.0102080190269,1.57662762250071,96.423363112066,1.89895999493955,110.905,7549.14763553335,928.864575575086,16137.0359268881,1906.17744252229,10956.3690894916,2205.1631997774,72.7910098382902,0.422896227578197,172,266.92957889176,5.70935116800622,185.054135392263,4.03134380150623,187.076440300182,2.94855632232728,140.246683646882,2.13716530075962,10,"",0.800399785973166,1.56951652680424
"2_1_178",19.5091744751748,2.8563151690383,44.6396040192639,0.774872932700042,101.278,10443.2237610126,911.745658234637,17468.3446519866,5441.02836670346,5792.08098192988,2478.22050781012,83.6393959212795,2.57600952559732,177,250.001712679443,31.9447538376787,224.125933100252,24.2648407156734,216.510789715335,19.1906923887332,88.0294284572201,4.79025175290457,10,"",35.9445369324375,23.3473265328036
"2_1_175",21.1084906552035,1.80234791898204,38.0750197525678,2.92877463025684,92.566,10777.6538259065,391.211553118376,5916.41754428075,6911.71449991543,947.641622152945,1099.81000964672,90.763849300409,0.867072952449087,174,199.015697040615,5.03652667927829,171.460990800016,5.80306937239086,270.618884621667,3.29375099697872,227.114834183357,6.9116354490798,10,"",71.9261003930511,9.11824858420998
"2_1_176",19.8993213653944,1.5126928716344,45.7525305757184,2.87194989193649,92.375,11918.2056577508,350.9876404866,342.583891816645,2334.6650154314,321.390169990072,107.243864352313,81.7175201352292,1.27131632992284,175,155.547935103245,9.82615606915647,137.752498937873,7.77587585719208,256.623040336748,7.57244079269302,205.923394848521,16.9434044539997,10,"",85.9221338371284,3.58514278347593
"2_1_177",19.7964582015062,1.48815117426003,46.1910404365273,2.88331258686817,92.388,11892.431250843,354.342471535084,387.152694938713,2431.73452547672,315.857424226925,106.111942109328,81.7483197084508,1.33638963918719,176,153.641346954897,9.82052315515372,136.152495793048,7.73148175627063,255.102355893218,7.64830533213266,208.261151321597,17.2490795304932,10,"",86.041730974121,3.69414054721147
"2_1_192",9.79925960631065,1.21486974427698,6.16482407190561,0.379601506169947,82.36,2252.72639752885,735.346902838367,5336.60358659745,1832.88534552849,3399.56520418387,2700.21259594536,76.0991205614194,3.39463440359993,191,657.724246743492,23.6154376906965,755.981495865387,24.6940446295661,715.450029879915,29.588576140344,10.0495044320418,1.33211655745505,10,"",0,0
"2_1_179",21.6541735331063,4.25902644023724,5.97835367336023,0.848114899551351,75.425,1710.63341004346,154.625275318651,6223.63459594225,561.006215042991,3972.59859116603,91.3224810574614,155.766295521953,1.25892087602603,178,1004.32526458242,10.8238550155183,1018.43685331459,12.2229777322098,1147.73310967407,13.6059041054202,41.678932317809,1.32893599878362,10,"",0,0
"2_1_119",16.5884251375143,2.87680006585727,548.469277114927,28.3727949583754,80.35,11133.640679763,2143.88006120169,3259.45905950572,5689.74910228858,8725.27547458399,1940.76097682874,32.5287073862105,1.2181722989791,118,34.6385269254122,1.08079893851007,56.1433204715045,4.01467515862482,9.06546239711436,2.85400667891013,298.789496495544,10.9196501559169,10,"",85.7198672141925,7.52395133889102
"2_1_126",19.9504138414509,2.39685089071747,116.805373806715,7.86913308342215,77.417,11430.5756605434,925.336652721522,5792.48621483154,8059.57302637207,3176.12432835403,1250.69004882496,52.9891236726376,3.79699473258192,125,166.435413314742,122.56127968511,215.705491510081,112.512671712368,159.230509671422,144.823769936916,123.712115276304,21.5938306983531,10,"",70.5471736565484,22.0138599016483
"2_1_137",20.8914119398245,2.10085142862847,87.1344958140031,18.7021164219699,77.108,11272.7986467968,1549.79922711337,12858.5213150908,8296.04010291633,4715.90024798376,2392.39488315833,65.1162587319362,4.09472904480836,136,275.928782950282,113.476499340977,250.676259071275,101.588327238881,232.870218987185,110.596966319144,148.960245607854,36.6279217373766,10,"",59.9119500879859,21.1513757938056
"2_1_150",19.6154583536799,2.5904370974421,2.99691020682697,0.600200009915957,75,9898.02258831408,1157.1160804612,18679.347077085,2114.32898054352,4731.69072246792,1009.52366414145,140.837996048428,3.96142734054205,149,633.45199172552,23.5427378634896,554.121278880425,21.2077710567228,531.867458557536,25.892407485814,166.781857029659,20.3082800096574,10,"",12.2955061375484,14.7797456714468
"2_1_147",19.4584121516935,3.87947658958169,11.6957572304348,1.11866783450331,75.217,11338.7838826363,1169.71112412168,16192.0344085341,5727.97557928401,2342.06682143886,417.496534099509,139.939307608707,1.57803360899787,146,379.497320791084,24.1399260046462,324.620829308565,20.9136684473337,317.205079505766,19.4335635740401,338.814871418331,30.7394385003277,10,"",54.0211663659481,16.1505913013998
"2_1_234",NA,NA,NA,NA,69.67,NA,NA,NA,NA,NA,NA,NA,NA,247,NA,NA,NA,NA,NA,NA,NA,NA,10,"",0,0
"2_1_198",20.6757821961613,2.36892243170584,105.828958829892,2.29993790704658,18.295,NA,NA,NA,NA,646.413918657917,238.289931249123,25.9300270893758,0.481415822211943,197,40.7263534317996,3.43705545819719,35.3869909248125,4.51677735203902,44.1959249474328,11.7600801651684,51.3766260353862,0.924590394208305,10,"",63.9029951468857,16.2677224197091
"2_1_195",19.6848344264509,1.01804366833445,146.925405521869,5.63576058723342,8.316,8353.0190007401,594.319217195626,13935.6993785583,1587.63321740169,7109.23451126157,995.332584484062,27.6922189048601,0.503889303729006,194,486.82142481558,5.29906626214553,313.429990319568,8.83900107035083,263.277901751363,10.2016572587676,66.370049483962,2.80245415842842,10,"",13.0445073717258,16.5024323090036
"2_1_194",21.287809753436,1.39443560010839,262.600556611137,2.6231166083008,-64.767,11022.6699320633,688.610960108762,10515.0556750121,7813.80595662423,1102.02203215335,685.656087636239,20.6272282184502,0.486198404860483,193,38.3460847435169,3.45908263668989,57.6916732271703,4.01135198901559,106.673551947495,7.12085056998019,113.862322743335,0.888287269204528,10,"",77.9484695189917,21.4480784608492
"2_1_196",25.0408553654679,2.02999166856566,85.9561891515994,8.73799466221486,-113,6230.19924850097,1426.60666720325,12356.6116589045,2827.73989588776,655.419516236757,120.605699805735,25.8825422424763,1.0720615110164,195,556.728738816718,26.4141713382813,434.332529727556,36.8436608149505,459.432497731284,48.8914027062212,35.3848935942762,2.94775217854707,10,"",30.1980587695677,29.3014152216605
"2_1_228",25.0408553654679,2.02999166856566,85.9561891515994,8.73799466221486,-113,6230.19924850097,1426.60666720325,12356.6116589045,2827.73989588776,655.419516236757,120.605699805735,25.8825422424763,1.0720615110164,238,556.728738816718,26.4141713382813,434.332529727556,36.8436608149505,459.432497731284,48.8914027062212,35.3848935942762,2.94775217854707,10,"",30.1980587695677,29.3014152216605
"2_1_197",23.6165085208992,1.19705825816597,53.1979000604695,5.41198353052574,-120.3,5091.52236917118,1766.78207156693,10566.7443996844,3724.57287757238,689.405650019482,126.269542089105,25.492042768402,1.68257252466184,196,443.716933625602,53.2474449836509,351.387134887508,54.4629976646109,323.91672736518,57.1817694258091,27.7503882237707,1.99866378057724,10,"",15.3569622340718,22.9297065599232
"2_1_193",29.1329138427692,2.7305055887034,48.4699357663764,6.91511576243322,-123.2,9683.426136089,410.384308178759,14638.7489164586,1380.20408732118,931.777051633325,447.917561988874,69.3064459004781,1.70594236694671,192,384.116188000064,69.7396182106164,324.975163742811,82.0827662625869,333.792824428095,77.8489966212557,70.6145828245596,10.1961901790285,10,"",86.7439267833282,15.6750737903174
"2_1_58",28.4883227725881,3.66539388538236,518.190530949379,25.8236335516357,145.733,11118.4627633266,1189.24045698619,20392.0708623618,2127.17984996963,3732.53318734606,700.842220941168,27.7450725820412,1.63961447982809,57,0.665953502048798,1.45752772174366,31.6800544511645,1.76897063924636,0,0,288.729430138412,5.78174434070748,10,"",81.2990446135225,30.6254319008592
"2_1_39",8.79838839709193,2.322785920548,122.938600404627,8.48619088714073,145.5,13143.5220255658,781.562755321209,3890.65292014055,7518.09375222095,11748.5183478421,5024.48669708042,81.9412252943923,1.91727568792435,38,638.414481852292,116.449096937032,463.045967835747,66.2975564030224,289.871075201882,27.2478781853571,167.968297923645,6.62949070169563,10,"",6.18737355397624,9.7766933089576
"2_1_210",15.2920324051142,2.43329050569745,167.841434345528,18.9754371332986,145.657,12301.7167318973,805.400987392025,138.469771850968,884.19621448429,8663.87941371887,3446.58106765088,75.2229142916364,0.97176274548009,220,244.518691056069,44.8662880196711,203.611432845922,38.6742504509756,128.227768853421,36.9275623677179,195.027040232618,20.6137291325553,10,"",41.9586900196912,37.1593613920136
"2_1_237",14.8935788663823,2.80482650334714,123.141949920748,18.6788832112291,145.52,11877.234988001,944.132019310239,542.152316785392,2329.22748360384,11958.5015893674,3581.51911789397,78.8631263791478,1.59086639628439,251,348.161006764946,132.744395772398,265.87456653673,79.841977900691,173.711846599052,50.6225767651335,155.403144051964,16.9493010540399,10,"",13.408569623007,21.160800008741
"2_1_36",14.5433945652267,2.64479915235583,112.424610572541,22.5278900167645,145.495,11841.310113377,789.471960939337,278.065636024071,1244.83181728991,9315.74581732059,4283.4626612843,79.1823266219239,1.56047807870374,35,279.321378635347,102.453268793185,220.500864269717,64.4283267147057,139.73075562046,45.0844659323837,142.6109835645,21.7124436687562,10,"",29.3230694340873,32.6110870477568
"2_1_22",10.2852520331275,1.78309395297869,45.6972086813426,11.1383344504942,145.3,12455.2287908426,608.904856364127,14461.2365841794,9964.19109401624,12971.4813289585,6648.11537375734,90.4384761076785,3.43155541443797,21,711.471602101681,63.2942848975667,514.580139230352,49.5204394671997,310.734362440188,26.4021598231642,89.5086775141997,9.49943698546664,10,"",10.4224857950135,9.923794385785
"2_1_37",11.1850103186408,3.24581738124484,94.6442882030861,14.7089239315892,145.41,13026.1136731544,761.50608627962,4523.27424041176,7957.07038251402,16045.9016444176,4714.50074635456,83.4782852165256,2.08906901560068,36,682.760678509209,97.0179550195562,492.7518237062,70.4232622336975,299.074994123666,33.1320306302826,139.768919972771,13.7501226983431,10,"",6.44253982080637,10.0717820016911
"2_1_42",23.8508687446916,2.52158512173061,93.285855276685,3.26438649388517,145.415,11480.3381825367,1133.1829272163,169.240219048157,578.315181283176,5416.83958096257,2889.83636557121,89.6340520609159,2.98964765426419,41,194.209944888192,39.2630774090815,156.423533671475,45.7289658583591,94.2131026244473,37.4926713775053,161.246875896122,10.361610954167,10,"",72.8681906310589,39.4709200805063
"2_1_12",17.4423297846391,4.15907590217658,85.2966950719149,0.746465855295407,145.06,4055.76039988688,536.21970610377,10050.8344379819,1036.5169862744,7023.93661588797,1887.82630792941,16.913774290996,0.81703334377516,11,992.80726888799,10.2314717141914,998.719606691833,10.5129372716448,864.571038670214,11.1948548431318,31.1141484781922,0.174996425984269,10,"",0.974372153839218,2.42891148364631
"2_1_15",22.2706508810322,1.67390405659396,115.582719879573,6.59508219367089,150.896,10681.3854501047,1419.09397988253,18678.2710490941,4454.7361044457,8530.08298720937,3716.4724185829,31.4133974629633,0.842042102894588,14,694.928124177729,42.6392914350408,605.125689075044,47.550082368692,404.334157135952,58.4961672384955,55.9888866314195,2.9118829828676,10,"",4.40248379931342,11.4192404092192
"2_1_11",17.7566861362891,1.4334046442589,129.172520623942,6.20463633867263,150.83,11060.5014800021,1246.2224794888,17743.9634054088,6924.10972853323,17487.8654065772,4384.15186293558,30.0844951187003,0.848679594901866,10,494.871670749427,11.7910732164689,467.18477835335,10.310952742207,231.92120498457,14.5798484441113,72.1983366713769,2.50976944301021,10,"",4.83414388126373,7.46790334789895
"2_1_213",22.5439161443023,2.82773021552323,132.273655620029,3.82276013088995,147.3,8593.09144381254,405.118793458599,15860.8540009524,836.317939424603,2628.74040666726,1075.88974384507,20.9014621069155,1.23593836832928,223,669.044404810197,11.0471315219846,628.960342113618,10.5806966069406,451.516013656914,14.1942563662212,59.2277524118526,2.54596715148492,10,"",0.136836628511967,1.28492226158015
"2_1_73",22.5439161443023,2.82773021552323,132.273655620029,3.82276013088995,147.3,8593.09144381254,405.118793458599,15860.8540009524,836.317939424603,2628.74040666726,1075.88974384507,20.9014621069155,1.23593836832928,72,669.044404810197,11.0471315219846,628.960342113618,10.5806966069406,451.516013656914,14.1942563662212,59.2277524118526,2.54596715148492,10,"",0.136836628511967,1.28492226158015
"2_1_9",20.2524210401804,2.14769161402108,132.848954606885,3.40539043663584,147.308,8358.84337773153,516.909403709732,15612.2212947505,854.120147958394,2980.60172997563,832.910596643732,20.7948255911528,1.21015296062843,8,689.008122002281,18.1177039094867,644.818074616905,17.2502413903328,462.894822499578,20.5177747868462,58.894338195642,2.48453405172643,10,"",1.48036851542695,5.6010376640611
"2_1_8",23.0496438467347,3.54962322904347,177.173205119272,9.28291344401209,149.873,12490.6083715254,583.313272429823,449.788011948837,3488.16707845951,3248.71423720915,3059.30320496559,15.6068682786333,1.32211079250358,7,342.217876873302,10.643625067,298.428053992447,9.91676363471066,285.923682965541,10.9950728486751,76.5731405387941,2.656502498264,10,"",55.1186898414237,34.4462549611242
"2_1_13",21.8830599299341,4.15076413806713,231.881664888496,8.15865430223531,152.47,12125.5560588744,857.188677937054,729.704013919927,4274.33288123382,3150.99580099306,1245.32000895431,29.4108745999115,1.40587959171853,12,337.093354267017,12.6740210553221,253.767693503082,6.41529179571485,81.5689351945799,4.6887268070452,114.721649004545,1.2363454317024,10,"",37.2366232529172,35.6155919411209
"2_1_18",15.8769003126342,2.22533321737241,143.327250443913,16.4697174956875,152.651,11541.0128554015,1048.77721570945,5848.61085126286,9268.74465151724,4890.05398157581,2307.94895431857,42.1692947579711,0.797746747062636,17,484.026271262769,87.3986406649283,417.837906174187,73.9225252312291,110.105071379861,45.0228290555323,95.1570261677177,11.14889857308,10,"",47.5803867829846,35.7135055020804
"2_1_209",13.2562959939541,1.44356056960071,145.063832059735,12.5054070949957,152.5,11793.7243281845,933.436353477839,820.192803967796,2962.05235036742,8636.00364120776,5808.37611737254,49.4512423656896,2.76675586500303,219,480.454651305803,16.9921631207775,382.236039182766,14.6344497126283,132.631591723388,13.4948401427481,97.4040577922408,4.64498560726595,10,"",54.0281680567828,26.5183220615234
"2_1_17",18.433629631737,1.65445644744814,95.9373665069561,0.68192483296672,149.9,4476.74544859304,718.673901531957,10504.4147071851,1792.94577025786,541.848518297445,42.331720618571,32.2856125767284,0.490699439892153,16,927.088297831397,7.83782639407028,905.906752430204,6.05631466428531,753.190960797143,5.28387433945985,47.2686488928836,0.333094814059266,10,"",0.752111835902172,1.28248891136922
"2_1_20",17.9913902785295,1.36165434189101,98.5196569946382,2.40937215182359,150.716,7996.6053344267,1268.74466079917,15519.1568010685,2150.15259487775,539.067735774304,41.7010900924113,41.9908828710246,1.03587391465188,19,823.895190117626,12.8924094957392,828.438746141073,14.0135360844531,722.769530367845,18.1569635974675,54.2202523599364,0.241118103274661,10,"",18.4011246394766,14.876000643176
"2_1_202",16.9540150141586,2.02566373334222,83.8678879672563,4.11563543968108,150.626,9707.80071398079,1707.74904478387,19212.3568529131,4549.56893604912,1496.41561273136,1158.32415731024,51.3580658236859,0.989439413977103,209,805.782464483087,37.8164823022409,825.387882323017,33.3084665444475,755.246083335806,36.8617957139804,58.8490304642834,1.89492505633568,10,"",4.39394358817191,9.4210085918713
"2_1_26",14.1747277629396,1.97073196832588,118.047462258217,1.7397828634572,152,11836.8177204778,480.260613782313,9034.52137096774,8544.81068448651,14820.5311833452,5409.99772039855,51.9063532001887,0.733294042376518,25,562.6155883066,13.6779618412649,543.931424293652,12.3633753801592,378.75181828904,18.9550384061904,84.269509683523,2.50237503381984,10,"",11.2551108664884,12.3812097618115
"2_1_190",23.7352463377709,2.13959431264572,18.6752065086547,1.43866074292337,-122.11,6271.97992395438,1013.03392214517,9339.11922264471,1242.88374421391,2044.73785436722,2133.63785438513,76.953800174339,0.924779237532219,189,734.540472929033,21.2076976571781,786.226816313901,17.9380142489881,794.357078023605,19.3843522247971,49.4014624867165,3.77986488521662,10,"",9.27262463160517,14.2429441154051
"2_1_187",30.7753177516549,5.14394672942762,10.6345720915734,1.61707549919127,-122.13,9707.5013242353,775.7595789592,26.7666722058476,594.341444299542,1693.00433133455,2284.95023514756,89.2443459287224,1.3255265792026,186,482.378737632622,25.4043668417323,528.368648254793,26.0923149888657,502.508218462462,24.9976212667186,73.7123827326018,6.25708966490943,10,"",87.5704291206318,16.2854202513783
"2_1_186",26.8482541743107,6.64219759747549,52.3401321308725,6.65119775597057,-113.11,2671.47114920175,751.535583573951,4238.01234794463,1173.82045481565,NA,NA,32.9044410654362,0.72536337915324,185,1010.55104559913,70.0344917051755,1001.30948514216,80.7094766219561,1025.56649509461,78.3034091597907,31.6478294687683,4.03394036570565,10,"",16.5895466303132,20.5222154838394
"2_1_5",28.7058490567017,5.66805177775121,53.1610176898336,7.39447594420219,-113.161,2864.72742925338,780.339859928111,4479.70547825479,1257.96847034538,NA,NA,33.2030223045728,0.704667797750594,4,1008.3544397928,78.8102883247387,999.825686198797,91.2023282901972,1025.02367603016,88.007085182305,32.331711371184,4.40033713031569,10,"",21.9557928960984,20.5109009368842
"2_1_181",19.8509229576034,3.57867167724474,9.80330897188719,1.61179825033531,-114.121,334.074463067801,94.7105422463017,219.934318586443,149.312942895958,7509.8642578125,0,46.5910594987221,1.4768799623329,180,1680.42164058647,20.7479288141863,1747.69584364245,22.2781331364568,1744.47005036692,24.4865054416495,12.4671651010069,1.45883305150147,10,"",0.27808814957629,1.97718122937921
"2_1_167",30.8970237866502,2.80756269878751,26.4426632270745,8.55427128478703,-102.245,8621.81036321683,2656.11568450044,12438.4054713761,5055.45900747145,1349.75536185606,1462.96955051271,100.438701553959,3.71398112089601,166,401.676396822472,19.6485520275428,421.686666702341,39.5155857588336,506.056670522556,21.9348607898792,104.34386462797,9.10290219259225,10,"",62.7147390618922,17.3968187144209
"2_1_151",26.2638894303573,3.20774100508882,283.589968619247,32.6111410203978,-90.067,11502.8119513123,909.55279997352,1738.30531380753,4725.97283371059,4911.26071826887,953.586538632737,55.9936087866109,5.1036912127612,150,163.555272838215,17.8687273791946,95.8947352843285,13.4996213271617,69.639459553696,17.3963586341312,248.158348748435,20.3931987000826,10,"",78.5798012552301,13.8866243277183
"2_1_153",29.236830301046,2.68236731752504,198.204327449977,11.70776299415,-90.933,11311.8042568414,859.097594765087,3541.04702200919,6586.26350199198,3876.65694821582,146.18343555968,67.2442201509285,1.13727792301446,152,188.980420706907,5.66456750004077,112.670260500039,6.5463138137253,107.480042342069,6.29703667805158,250.853052092239,11.8096171098808,10,"",80.0356132641665,16.5615956617621
"2_1_200",30.997125373253,4.64390684239034,119.802025666835,40.2041838493702,-92.066,12121.6468656113,1095.59567404251,7338.77242702567,9074.14854646434,4703.86820625006,803.737814451137,73.346324022815,4.90993163549477,200,292.502285690321,27.0010448289501,230.678939543268,25.2940657838598,149.852482105911,36.3937944774216,341.486206926289,29.3238243406158,10,"",65.7103673880222,27.4104727671469
"2_1_154",26.1009327398254,3.68624145311244,86.1737450937749,20.8424339306664,-96.3,12272.2237379857,1062.45751292442,5060.40570209505,8185.26067494372,3786.79820398397,462.111577946474,79.1692091009828,4.14009486455663,153,250.8396246932,11.1010739741547,190.947216753862,19.8723557270425,281.826094385932,9.34194221193348,130.547757477459,17.3141668416362,10,"",84.7016393782169,18.5812666249574
"2_1_162",26.0443650487763,6.36883315870272,196.442110676815,26.4046704834371,-95.169,10768.7215171238,1701.39819843233,13775.1639002211,6327.44317784061,2862.27504862723,188.085138945382,66.1368751285744,2.85286034547124,161,239.388799458274,35.1683151472246,153.769132645109,34.8464955041774,226.874255982994,47.2402465401893,220.485186619259,24.6445167510138,10,"",48.9739045463896,30.0942898443472
"2_1_164",27.1071459658387,5.67326008505482,208.815407079438,13.0233214497747,-95.105,10464.1966603396,1715.25776317368,11956.2720976761,6592.08142185753,2798.04982978037,258.926444408774,64.4772614870116,0.942559341549791,163,248.148999748486,34.1328640601764,155.486466352539,27.5159205588695,226.366280689535,36.2409426617925,253.874932111128,21.6449768433884,10,"",42.2333940085768,31.6022006298397
"2_1_168",29.6369826472716,3.0568755964981,153.568096929012,16.3481735539242,-96.95,11485.9496499226,1074.24182350047,1154.58753421222,4406.97386515296,4346.03168890649,906.505695443291,69.3119493251194,3.39431181327741,167,251.602404634964,19.6368779917225,175.523723421937,25.104426172596,228.119506895481,19.8315062912403,143.683145438577,15.3814827744695,10,"",64.6637365561138,23.116368426566
"2_1_169",31.5075621845595,4.62074292237411,117.947860661938,29.4302116217,-96.792,11991.2041596553,1079.89205853755,3151.48071747961,6271.80372297268,3321.53317977251,566.158013700776,69.2883864505182,5.40657565710369,168,267.708810331787,36.4459141550363,200.700102632102,45.4944713139495,249.660331105069,37.706898902548,107.043699853259,15.7305256312447,10,"",33.0985751374778,16.3011658528177
"2_1_170",25.0927964398244,4.97920751067384,50.6842347565135,8.36393671729258,-96.383,11965.2097992101,2499.11266144845,18962.0476208241,5802.09594419726,3498.4810657659,418.535582329682,95.3577445096167,5.71145193811224,169,466.859131017564,24.8434027146925,451.724220919896,23.4886717975982,432.672391791432,18.680173155445,91.0021356390893,5.86346279181339,10,"",12.3073023141712,16.2534614580289
"2_1_160",25.4824660955418,5.22754291108627,190.546968605249,19.1374522607291,-95,10629.8194404524,1628.7521115714,9558.88553034166,7646.64304516912,3496.38859152215,384.266980461873,65.0979413278435,2.25607344528724,159,278.106496826214,16.7760458662895,197.292950880394,24.4052349711331,283.040843197803,25.374370646709,243.991553633253,33.2599182869904,10,"",52.7493772516726,31.2680915947199
"2_1_155",25.9727907000524,2.90118810576958,343.372081480716,16.4688730849344,-92.463,11158.9950855886,1526.44331029497,14728.6472339986,8706.58902672406,3705.5175479375,364.626293172193,47.9678833626305,1.01063133990158,154,104.061644779926,15.3710163541137,77.7467811842967,9.18562608452012,80.3578904284286,14.4732920940872,248.703473735987,9.27728303400885,10,"",46.8890393961328,28.3084039343908
"2_1_183",18.8588505838648,2.30463891161025,61.9795677555583,11.2340627854159,-106.15,3232.134989281,1023.6821974355,5705.93674255195,2045.26437182998,3543.9128197995,3510.36977859201,50.5499494295296,2.69443549540327,182,895.496502209132,52.4229516121181,803.514348161153,49.2907068641249,782.851736844284,50.6850858700611,32.7326329710816,3.7073018527311,10,"",6.35737352946396,12.8252137124819
"2_1_225",18.8588505838648,2.30463891161025,61.9795677555583,11.2340627854159,-106.15,3232.134989281,1023.6821974355,5705.93674255195,2045.26437182998,3543.9128197995,3510.36977859201,50.5499494295296,2.69443549540327,235,895.496502209132,52.4229516121181,803.514348161153,49.2907068641249,782.851736844284,50.6850858700611,32.7326329710816,3.7073018527311,10,"",6.35737352946396,12.8252137124819
"2_1_184",30.0892130177463,4.49331532214201,71.5711501665367,7.58352757826745,-111.71,5305.57909188707,913.919443556493,9319.15926038305,1720.38192618604,2114.28350093689,1747.08501112377,38.0574551768124,0.427923230262229,183,524.91690436539,95.967312080791,541.798013732572,92.2922790392252,455.983325656108,117.762730859108,50.3172739278112,5.92981325745801,10,"",46.5531145914535,22.1921639676392
"2_1_185",28.1510181792432,4.29371516875202,72.3651204194974,9.01412691305576,-111.68,5077.09642264826,944.119324642135,8921.69589407441,1798.62387588514,1947.86290953149,1592.56826973437,38.0459091029877,0.402405351551495,184,510.984389901121,109.359829197012,527.530912965453,108.987848704483,435.892877283424,133.625258324394,51.0315472534683,6.9876262792087,10,"",43.8096760764236,24.3881113786642
"2_1_191",23.0458613701737,2.4093024077077,88.9046071481196,13.1749594074219,-106,3409.83740580381,1027.72940000793,8080.88895528742,2003.29340954205,3244.85368274933,2068.66924029695,21.3425399891943,3.68051952803821,190,473.42573074761,49.8010533647477,360.323889155971,45.9720954512789,331.362718774047,38.0068996005008,40.7978975926224,3.28928555375269,10,"",9.61567805628776,17.4421166805724
"2_1_188",22.14860241749,2.19967357091796,143.18571452677,31.5465665359922,-106.35,3818.71648967266,2002.83899948708,8676.34019444023,4470.31525812496,3078.62142119362,2822.81132603988,18.4127533199467,3.5522489635096,187,196.261231712873,79.3974135470261,145.536654372983,74.408584092167,66.4833278493046,80.1570950607183,54.9456433542463,11.7127863093547,10,"",25.045281204124,28.5683405084016
"2_1_189",18.4281626796115,1.05665127360029,199.822788424394,2.06661829760778,-82.76,8969.00321561574,628.562563245645,12352.583844203,6187.72165064953,1686.96914827265,733.099377070971,19.281017484338,0.460613234824369,188,18.5520135261481,1.49877098931238,104.167241983482,3.39070906968432,281.777119479109,7.9506492896909,85.3037623472715,0.929758997654786,10,"",79.1445607081073,28.5819383043179
"2_1_227",17.9811294426933,0.839019109102777,206.67587373168,2.03563410964995,-82.36,8807.97247288208,737.865136995238,15428.3609685507,6222.30380557163,1834.13132011808,1007.18179291814,18.2201366336301,0.422570628627237,237,11.1912800708969,1.21215274869665,92.0598340992078,1.42138707607093,267.067752416049,2.94363377731377,86.2484762501197,0.586348085495291,10,"",74.6136398054823,25.2781880984565
"2_1_226",14.222072580306,1.14354639628882,331.603361210532,12.0160059908726,-82.28,8651.3417747458,1054.76652550913,16938.8962940613,5851.12803808153,480.89955582773,91.9449634986096,8.76847159715086,0.425293744937496,236,7.58224290371737,2.83648810254668,109.567219680325,14.592229646397,160.284239637596,28.2947727697664,119.8566530696,3.67669414181642,10,"",84.2037811403665,17.9729032199497
"2_1_236",14.4839977691639,0.672728744542538,325.683284170872,7.26478100592124,-84.36,8325.06844787746,677.4211531365,20004.8742956993,3172.93762860969,631.355837843485,235.104034819038,13.9121916980596,0.322810329943519,249,10.3421100172957,1.08836046698187,82.498670782744,4.94208989131366,84.7945157201411,4.28817756600167,128.94705974577,2.49748078296864,10,"",76.6448752576587,16.9497518718872
"2_1_207",14.7293384452482,0.583858371396757,262.541955302288,2.58791211803897,-89.47,6512.49513504623,850.789325890116,13301.9376724107,2226.63919235773,3623.51259813231,828.596955561158,18.6770723889235,0.462134309896609,217,60.63785801205,5.54321049915033,136.199894704322,3.93160384611778,238.645972457187,9.13433763105232,116.382935630996,1.29428978518185,10,"",51.0975158044698,21.5421987149987
"2_1_230",14.7293384452482,0.583858371396757,262.541955302288,2.58791211803897,-89.47,6512.49513504623,850.789325890116,13301.9376724107,2226.63919235773,3623.51259813231,828.596955561158,18.6770723889235,0.462134309896609,240,60.63785801205,5.54321049915033,136.199894704322,3.93160384611778,238.645972457187,9.13433763105232,116.382935630996,1.29428978518185,10,"",51.0975158044698,21.5421987149987
"2_1_205",12.1766799250143,2.35425896350007,295.488547407753,1.14321168907044,-86.758,10700.7985501786,1828.16276017606,15560.4142033063,8049.40831150884,806.027159955318,1446.77973957082,23.624698738907,0.784685025826647,213,23.1893056204266,2.42414423588362,114.843877471586,4.06292082814255,117.619861435466,5.91282037378653,128.656622308395,0.465569913048232,10,"",24.4531153666511,29.1760610207083
"2_1_232",20.0616246310567,1.19998688227443,256.287230129538,3.84073900362756,-72.167,10033.90597721,560.554815936666,14995.8363776587,5737.39557517149,596.212636290866,463.026004517646,7.28371981448905,0.451880514794146,245,19.4390186044032,0.614481618341534,73.8896225266417,3.62632277452793,128.435029852338,5.71457546156859,94.4387273696029,1.13032725892227,10,"",87.5980249480249,15.2182361151042
"2_1_158",27.2507013236566,3.92863566005442,186.341558622613,59.6420057776187,-66.083,10335.8530931038,1417.81463729591,6665.29547857935,9436.93702433776,3789.11078210139,1053.51942820316,43.2565639667271,5.38900552697423,157,169.090602681825,123.998855751812,233.1445702654,137.646228768864,185.987526417432,105.70118748636,137.214350339233,22.5069556250673,10,"",56.2659313219695,37.3376053840643
"2_1_159",28.032845547732,3.36609484616322,361.569561907543,88.742473333622,-65.817,10296.5883570117,1574.38450803745,7205.84281435446,9099.98265437275,5595.99584467388,797.192425315062,27.6285443150178,1.94560199534156,158,71.814229187919,37.4944676248902,109.697160248189,63.1098895310929,75.2087330537437,45.5448256001057,200.50400804851,42.173936804559,10,"",68.7690406303105,28.2686275980616
"2_1_224",28.032845547732,3.36609484616322,361.569561907543,88.742473333622,-65.817,10296.5883570117,1574.38450803745,7205.84281435446,9099.98265437275,5595.99584467388,797.192425315062,27.6285443150178,1.94560199534156,234,71.814229187919,37.4944676248902,109.697160248189,63.1098895310929,75.2087330537437,45.5448256001057,200.50400804851,42.173936804559,10,"",68.7690406303105,28.2686275980616
"2_1_248",28.9063083535138,5.22609329973108,169.438491693112,17.3369867535819,-65.5,9857.34968928017,1545.36848969138,8986.13896081478,8686.53393849757,NA,NA,38.0429344782528,0.997445717412104,264,284.825052632412,73.6403830330726,358.173171698224,61.643070264275,274.514549102479,48.6950234547904,111.573856552434,10.045639575922,10,"",15.4740781212952,29.4154446844328
"2_1_157",27.6275158738294,4.39275993821796,167.389116228705,54.4286290289407,-66.1,10478.1501846023,1464.21478586985,8408.21710848229,9795.44466463438,3502.84270004344,1082.24530618673,44.9914002593773,5.07788401721934,156,216.161885130493,141.638013939679,285.317500137386,149.494096640723,225.639625737318,112.200306795422,129.123568223812,21.5675363166478,10,"",46.4712214252542,38.0363500207695
"2_1_141",16.6142781200735,2.49444826287648,131.165344833107,35.6497341643069,-67.3,11096.5983641157,1021.1830773554,7151.32806378959,8718.85461404264,4751.5139122966,2033.47338292006,41.7934203644204,6.20694195865416,140,429.913402111376,86.3693918277476,284.517731783425,87.7079873733643,208.329731648218,94.7320485635464,104.494081271628,9.00197012879616,10,"",72.2090987692538,24.8010271842357
"2_1_135",32.1585363112472,2.30677974490248,223.90700607573,7.4712608639371,-61.1,11455.3679506801,1254.66476714973,221.653195327263,1983.5027025501,1928.47973632812,2.22868879193183e-05,41.0634696755994,0.274537393724592,134,252.340779839548,20.7787452790992,130.314059221718,10.7506988525078,56.3952954273859,6.39788950079634,172.273371412243,6.64886167764289,10,"",73.0675062218946,40.4613768519685
"2_1_122",16.1543934579647,2.47993849885561,387.64534245691,2.84458613482708,-59.342,12660.3095091382,706.303104858572,0,0,NA,NA,36.4375551395434,0.496518997374942,121,326.528217997547,31.9387872046832,127.50398035777,12.282262095357,52.6791981365524,5.09129187313083,210.376172430086,1.71458630597002,10,"",99.6470854044284,0.98833975548127
"2_1_124",24.0271478685032,2.5745005222878,232.941561442158,7.40954536754534,-61.125,11624.7013222874,500.147989253945,0,0,NA,NA,36.5393047122669,0.532183832635525,123,351.595748034317,10.4748421225085,160.925200964565,5.84675915253348,55.79834775133,4.4424006438286,136.879050000403,3.70115433159763,10,"",98.8602117027565,0.941692906387526
"2_1_107",10.1482498811008,0.795728966655409,229.893377182544,8.60609194893088,-59,12296.2480768436,990.189658227298,0,0,NA,NA,55.4628615937169,1.38261687101883,106,301.402271432383,11.9110647063953,139.541821807508,8.43674203107762,41.2799092364613,6.45719792689575,168.678122054019,5.48165146959432,10,"",99.5945498604471,1.34811779676145
"2_1_91",27.9813637689051,4.51597146584831,185.045405757034,52.4670372321402,-78.683,11723.3130166521,902.869412222549,1680.9018702228,4769.77058521883,6424.79489024322,2749.95367736642,53.2690301946116,1.57925020858134,90,52.804770423375,9.71235967973142,146.309243516643,25.5877339650396,92.2601299217578,20.526357719592,153.794271310941,28.1655329092657,10,"",87.6906814116116,11.3144262764448
"2_1_4",45.5945173994355,7.36625862991701,321.265416856196,63.4558265901102,-76.066,5397.32606855062,2485.18257251014,9313.40011559937,5162.47998272803,3098.50117385292,4695.37763243183,35.4011415080035,4.03546999184724,3,40.4669587223196,3.55817998321237,28.4252193617243,4.68276240306651,11.5643235427903,5.39529021878053,168.852094526863,15.381571793349,10,"",38.4934152099985,30.6404929519447
"2_1_132",21.7290121889688,4.57374245416659,116.8127329991,48.5823248674689,-70.85,9880.21209547857,1716.79643671811,8132.68426710238,7903.51539613808,7329.11476769871,3971.12347707791,39.6078651926126,10.5125005889605,131,306.739008870035,54.7956683761698,200.589725997602,60.8821913245988,72.3572777849194,44.110986279786,80.8021802085732,13.9681129447695,10,"",84.3514590564339,16.2786195605224
"2_1_127",32.1164884916143,6.62667032401277,85.097801584405,27.0823761882151,-71.092,9065.13605927226,3802.6043582084,6587.35686692264,7528.57055913428,8560.22292845344,7519.38218981519,52.4351853839713,4.61133115271502,126,267.69494836729,23.3054033694939,204.242062036019,20.0288025304116,113.409717898624,16.5525509832701,98.9940782178172,16.1244751072121,10,"",46.3806329032396,35.159564043799
"2_1_204",24.0376859381011,2.23275588418818,36.2089928785089,3.20617098478898,-72.675,9201.24137758611,2160.25092389123,15524.3205105179,3831.73526132009,5031.55211267546,794.391744597059,68.8004279281677,2.75726127659044,211,709.686107060106,41.5217265847029,587.773903462294,47.8280994818012,401.376256551097,46.8909415063336,106.626469347514,6.81297571355016,10,"",50.5124280133275,30.2331806900561
"2_1_229",24.0376859381011,2.23275588418818,36.2089928785089,3.20617098478898,-72.675,9201.24137758611,2160.25092389123,15524.3205105179,3831.73526132009,5031.55211267546,794.391744597059,68.8004279281677,2.75726127659044,239,709.686107060106,41.5217265847029,587.773903462294,47.8280994818012,401.376256551097,46.8909415063336,106.626469347514,6.81297571355016,10,"",50.5124280133275,30.2331806900561
"2_1_165",23.5166662026325,7.68763610147371,285.87106647672,26.1886780025807,-69.586,10248.9797851994,1297.6342863215,365.714050316316,1843.75416832336,4047.49582326817,445.563407124422,25.4894565355375,2.37818710196796,164,56.8915809791611,6.14220055552442,94.7380351159005,8.89367559997738,115.182192686676,18.1711857332929,153.279229403117,7.60186016963304,10,"",66.6223165841,39.9227829088747
"2_1_166",25.6322994009364,3.19744196410627,216.680566789184,21.7199208499975,-70.52,12643.8107117703,760.449254554161,14890.0152941673,8038.77319234043,4092.1157713679,257.883296635265,27.4292486152775,1.75612231966842,165,326.82566062269,26.4056512723959,361.860613638458,46.1466703660958,528.091560615522,51.7354712528302,104.563075217589,6.93332383281105,10,"",19.0371136342695,13.9145762615421
"2_1_156",29.4664979994239,3.00526654080647,266.122514061613,29.1708976523052,-76.4,10869.3778457468,1614.52525053257,3635.66704164302,6888.91857250097,6805.45478195683,1235.50189978188,49.2442024872284,4.01759946263646,155,94.3297418167433,18.2433709868308,104.926879807414,42.3785311164911,54.6169952009907,33.203547368892,191.253808108247,19.1443924426786,10,"",89.2402187935394,13.1241680440351
"2_1_143",24.3221982147001,1.79318293500449,405.715062302142,45.9827073350923,-84.167,12189.9661342633,1398.46234564817,17331.0189731072,6939.92778600444,11412.0419554846,640.508314819743,37.8809384226739,2.15364603248639,142,24.7390833573163,3.49289156422883,73.9477839433378,5.81644852724666,48.8069779464275,2.84708173712669,308.750252626097,17.2266251074844,10,"",86.8638519671275,15.9982816378025
"2_1_172",39.4583972931256,2.41197953746795,123.963737909264,2.03195669884001,-87.183,12477.3568289416,717.658754305396,121.068280140397,1044.79105100992,1831.48699278237,497.698406679782,52.6961127524384,1.38756745020928,171,176.641397533962,2.03061483749448,241.300613458843,6.13862026106657,239.522265841057,8.02901925946885,96.2239527559719,2.39358059165348,10,"",92.6284451009753,14.0935942780932
"2_1_2",47.9102074365742,3.29508725437842,88.6900561924952,1.87319392157108,-90,12163.8424598578,110.886264927356,0,0,2161.3447265625,0,64.1680423193298,0.926002042375349,1,431.414315021029,18.7370195499595,405.918897969985,29.3774457524932,377.199875299315,33.3566233394536,99.3040689501715,1.31738283390401,10,"",97.921536339872,1.18276100518785
"2_1_161",46.5464037056922,3.54297306493079,104.945387924824,1.58707812119656,-89.104,12255.7337750121,1097.78560370373,1279.59944480563,3940.50449848048,2378.10573075464,662.213468603689,58.2156693221351,0.468625486970681,160,433.418883845557,19.1816017666281,357.938701806866,24.4895248262148,328.417626443525,18.8821901245902,101.222364650831,1.55383264777508,10,"",84.7665349224974,15.0814146875777
"2_1_149",22.8101647678143,3.18524554730698,67.9403501371019,15.1315071427213,-85.833,11413.2147861109,438.783372691443,17270.2467389928,6699.83657684859,4782.86746212087,209.144677972602,67.8565492512128,3.9419621387898,148,210.248425964986,25.1764030488582,237.672531806678,25.2999366357194,247.724788195177,21.1329076631265,127.395032994211,10.103935791312,10,"",46.4690149757435,14.1064734428233
"2_1_144",20.95209558179,1.96929345109019,12.0173543452845,4.65152336871207,-85.65,10947.9219532239,1414.41362087782,17692.6427803567,4920.78337832753,6548.29704430233,4748.82893865204,94.9736335736555,4.56463808941623,143,450.479104666056,20.7516806691248,503.439207630115,23.0341965435124,427.20290298144,22.9774761304371,142.050982203227,4.87735030780941,10,"",44.3315966673059,24.014715526703
"2_1_145",20.9181826908764,2.02255032022959,12.6596858638744,5.13007743553962,-85.62,11147.3835301121,1328.12400598881,17338.1367653728,5203.24753498702,8125.42641370441,4430.93555188572,94.230465902313,4.51670827367716,144,445.209162317608,24.3577228306865,497.576655789981,25.698815800454,421.023141442112,26.8980964706546,143.895838357236,4.58799520325867,10,"",49.2973905634253,20.9465908972718
"2_1_136",44.0761544433683,8.75495742805012,243.943597740065,70.8696436296442,-84.75,9710.87467922921,1977.8712584387,14132.8623853211,6453.61344233142,10624.6292925051,768.655691764763,48.540472706689,4.91927082120762,135,50.0766323831494,68.6681336817689,90.424589329227,70.1635505316998,61.931062717832,48.4190271008697,265.947355647472,30.3748628857368,10,"",92.7084512608004,9.23773717104484
"2_1_140",25.2517216904491,2.31064047588369,597.019784633792,27.7660424296365,-83.985,11241.3252548537,2054.90518979741,6650.92997640509,6374.85285390179,10835.7894803076,1967.59573241483,28.7710558926588,1.39792336373086,139,23.7227729823662,3.1154326254401,61.9907377283216,5.87662697248193,52.2893992322594,4.19251092045792,337.036315784629,8.64313048382581,10,"",76.9910905050851,18.7131773651446
"2_1_142",25.2914615958052,2.28837463268074,597.188014389565,27.4125758773689,-83.983,11232.6627644729,2052.88929932693,6686.76165420073,6319.0318412121,10799.204975412,2011.89304839353,28.7867504990446,1.40156562819009,141,23.6244844984824,3.13062649019814,61.8225625904321,5.92112316070286,52.1726738827984,4.2800924518929,337.146963180975,8.46659750859231,10,"",76.6648982162491,18.9496269971105
"2_1_139",24.8855555133187,2.39574050117821,595.768570605126,28.4146983581525,-84,11325.0804410044,2036.97872131871,6427.50201169058,6443.85148043012,11062.3331448301,1531.98890123625,28.6624574362478,1.34410256400076,138,24.4612816626282,3.08847967752751,63.4565001848593,6.16837562494845,53.202320591783,3.85503446143582,336.291560148593,9.01865229060007,10,"",78.852193033955,18.3294992704209
"2_1_221",24.8855555133187,2.39574050117821,595.768570605126,28.4146983581525,-84,11325.0804410044,2036.97872131871,6427.50201169058,6443.85148043012,11062.3331448301,1531.98890123625,28.6624574362478,1.34410256400076,231,24.4612816626282,3.08847967752751,63.4565001848593,6.16837562494845,53.202320591783,3.85503446143582,336.291560148593,9.01865229060007,10,"",78.852193033955,18.3294992704209
"2_1_222",24.8855555133187,2.39574050117821,595.768570605126,28.4146983581525,-84,11325.0804410044,2036.97872131871,6427.50201169058,6443.85148043012,11062.3331448301,1531.98890123625,28.6624574362478,1.34410256400076,232,24.4612816626282,3.08847967752751,63.4565001848593,6.16837562494845,53.202320591783,3.85503446143582,336.291560148593,9.01865229060007,10,"",78.852193033955,18.3294992704209
"2_1_138",23.6610065419959,2.32655383832611,609.316446378852,28.1923051171202,-84.021,11498.7234270236,1830.10768572256,4455.00241266269,5937.89715142747,11798.690762292,1060.46331401098,28.0019841904823,1.14271351183786,137,25.4719199709838,3.72519267244388,64.6459260493048,7.08697976792328,54.3797929045635,4.29429095358968,340.951026957442,11.9971112980756,10,"",83.4846118560715,17.0386146808918
"2_1_134",53.3312901436875,6.99708293902198,187.476680222603,79.5713703392589,-83.875,13202.517519649,1632.03929460943,14354.3240697127,9107.15510012569,7375.74017612287,4374.12611652942,56.7276434075343,5.26675975529962,133,144.323251105879,49.7822430759261,159.10250963185,57.1681645910479,99.2458707905252,35.3781404298375,234.117949956084,39.4047294558862,10,"",84.2260916095891,11.0889266320375
"2_1_129",31.8612668348003,6.35313822778541,183.972995274173,39.6721050761066,-82.933,9895.518734285,2280.27267814137,11201.7010512554,5675.36506498957,10944.5873039178,4331.91416811316,62.4289464942079,4.32399968519071,128,109.34690713732,18.8133871753104,113.873339076222,18.6309665964451,87.8242406706887,19.0402518125508,289.048440687443,10.6583394532056,10,"",66.2690720876154,14.8818026653973
"2_1_128",35.6304256521336,8.49270446571662,171.787324834618,38.926131794624,-82.95,9632.4174279869,2432.11335564498,12560.0836612379,5533.75507994842,9536.0999769196,4210.58532676996,63.8281636985494,4.26064779031618,127,110.712075644998,14.0991420955396,110.77826489655,13.8867291769886,86.5095637350027,14.7797769801592,286.914557288268,12.8890253221287,10,"",68.6578927617965,16.8412738772756
"2_1_133",25.0170448408935,4.03958603450999,78.28979438852,21.4958343760457,-79.583,7878.30332580636,2791.85198867588,11615.3790984361,4681.55715563054,6035.6323375661,193.513712268863,61.0902120368388,2.40413844986031,132,253.121740915257,10.3704320500149,189.002236219553,10.1397540742655,149.126469800814,12.1600187722654,200.180809304178,13.4353740474634,10,"",59.4770614692654,27.8244611555741
"2_1_131",25.3248059966525,4.91683000587911,139.428898861482,20.8440190794865,-79.85,10642.3091768094,2185.83931523833,15906.3028940521,3553.69891065732,3753.35728384864,1364.83043029609,55.7210898925744,1.34883444397338,130,233.860173651647,13.9915503133463,170.15626895623,10.2784290866317,122.748159592433,8.45415277176458,218.563156609389,13.6409050213324,10,"",51.3082245332933,37.6969467517499
"2_1_130",24.8327213689806,2.60458555696937,148.755503869322,34.3334689576523,-80.108,7296.87689528011,2458.41928328229,11717.0892592831,4536.52056834128,5477.03629338354,670.108471733453,55.9182619134386,4.53451133253905,129,142.672504591024,18.9151369733286,97.4230463545613,11.1787408789254,58.7343637234098,10.3236974820905,246.34541258227,13.5307059183026,10,"",74.8706617505198,17.0945041961166
"2_1_71",19.0950981758084,2.61092143979231,31.7299127182045,5.05228715893428,-80.75,11753.0249366391,1899.94945524499,16837.5376700337,2418.26251882396,4448.61221170097,1505.6235245191,91.3350374064838,7.84126417584773,70,609.013161340772,69.5750189515922,631.950466893805,54.2986935198507,538.558754148287,33.0442057046768,31.3505797645873,5.25242013851399,10,"",71.2672378266999,39.0208755730402
"2_1_50",20.5349582614487,3.57320877820832,196.799305821728,39.9281387421585,-75.362,11568.4673335286,1118.85271272507,573.369970419081,2458.35691651937,6433.2392578125,0,42.3812550572804,4.23543306398756,49,85.453949469784,25.3873026048674,182.799667977849,28.9476370379438,146.846573648198,35.4449425357402,143.421848955321,19.3932793398024,10,"",75.5661172863166,17.4961162401335
"2_1_3",37.1555777850302,8.39066752926134,617.842708209028,140.920042626007,-78,11993.9145319038,2353.64848886093,12938.3797285716,8305.53835435764,3548.4590074614,290.080662814475,23.4368782477571,2.74474049493823,2,9.42713362045587,2.60871009363819,23.2073589856626,10.3928455205564,0.876083489731935,1.68167591405067,279.006579754087,51.335187263434,10,"",94.4789051736296,2.1912792736187
"2_1_81",12.1774978045192,1.5829858920356,676.924855742114,18.4152855110266,-77.6,11641.1893140466,631.575689207853,466.791176337467,2384.49958404884,2197.43027080935,712.127696083327,22.7422013970237,0.798373439230466,80,1.74462286867109,0.623901655037427,7.53465607526523,0.645951957584519,0,0,306.628393979966,9.16176727324587,10,"",93.2966289209944,11.1262545229303
"2_1_78",13.85099944461,2.03637978094375,598.96188895398,1.22666857383188,-69.922,10962.2848527069,760.842368048464,7526.76946521204,8532.7069114859,NA,NA,19.273514287574,0.449685574295457,77,0,0,1.12657818009556,0.0836415858010384,0,0,263.337986079752,1.30105110607963,10,"",90.4591768100849,22.2006008104861
"2_1_70",12.5760970840068,5.00204819456426,361.72946535083,15.5727227191805,-61.45,10874.1949496519,1395.54206368662,2696.96343016933,7007.87920406475,5047.4931640625,0,37.8982431406572,1.50448052050128,69,1.35590228825507,0.956886602637062,31.0533879353123,1.7558995610738,18.0715676173951,1.95766834942605,201.539668894636,2.76951424273967,10,"",64.6107363626505,37.8949207227029
"2_1_60",13.529534556536,1.71773413595546,373.300037901348,7.6840517730043,-64.967,9906.54056184607,418.024865485479,712.659183746596,4135.47201744122,3418.03139908887,1291.11297783841,29.0816070171639,0.520731295190631,59,5.67590015701987,2.0751035229732,13.2163794942221,1.10911522327298,13.0486301369863,0.903827804827372,206.855149225389,2.23388864139975,10,"",64.0828415182197,41.7571458805568
"2_1_64",8.7585335486614,1.24820473472608,164.758856796169,5.40705784861103,-55.683,12025.6137433805,502.726336784886,284.327202387532,2261.47484447629,4333.39177016714,1232.28672978668,61.0067387488895,0.428803857706417,63,123.515393310365,6.24267517613812,141.210665885634,4.80257199763153,119.089387734466,4.64172452139618,167.632092121562,1.49950621476015,10,"",95.3562978050313,14.8767960841274
"2_1_67",7.89618271296629,0.88196832757248,348.147035547413,8.2583463734631,-60.03,11646.4181100709,368.576735510663,119.874299404833,939.945095038365,3668.69386157663,954.486978361779,31.1804689786759,0.419011989618107,66,14.8028630898822,0.482765544319119,59.3929492555731,1.951191107854,39.9250972973559,1.23108294561495,192.200618081681,4.59368531360104,10,"",98.560313519725,4.09616464633933
"2_1_65",7.53168626467497,0.527953385601815,319.445027312928,9.15043920805071,-60.183,11475.2970842562,150.416361282373,0,0,4624.76506942693,946.753707967255,35.0605653342582,1.31347120698181,64,14.1476605176451,0.821888448696842,64.2460489694919,1.86892093925126,42.8134239790166,1.12623060011715,190.013633822791,3.9694892099182,10,"",99.6496358276251,1.36561771506509
"2_1_68",7.95162884090055,1.03796143612887,354.97141525387,6.80048723399572,-59.833,11740.0155089025,259.501683483898,116.332762433335,1160.66357222496,6032.87822445548,720.041539922964,32.9082079521311,0.75781141115996,67,17.3804949124861,0.753676453710647,58.0622235011082,1.19079899523393,38.3122010001589,0.917415260308618,201.862162041343,3.31282196813115,10,"",98.8335429042189,5.71585763175418
"2_1_72",8.56330466681652,1.37746769750036,227.946686613115,9.52939967776316,-56.45,11399.1073551286,1792.79850506126,1478.93987867248,3737.00842889137,3701.73125275134,917.441756146147,55.5940138974709,0.757053692169424,71,76.0810053443472,7.71294636999055,108.595021239091,4.68823811251201,90.5999183351942,4.46346652446153,202.649618906289,1.21039356170593,10,"",92.179312064349,19.8810801062006
"2_1_215",9.35668822209274,0.874765484558556,350.529448138947,5.92135933674064,-56.45,11592.2033001009,171.311454941299,0,0,NA,NA,47.2668503672203,0.44699140248123,225,29.1843469409157,2.44869559805162,59.2544041040703,3.690162922599,33.6552152153239,2.93639842071163,214.697045880494,0.270116286306513,10,"",99.9796048991636,0.157817188611441
"2_1_84",9.35668822209274,0.874765484558556,350.529448138947,5.92135933674064,-56.45,11592.2033001009,171.311454941299,0,0,NA,NA,47.2668503672203,0.44699140248123,83,29.1843469409157,2.44869559805162,59.2544041040703,3.690162922599,33.6552152153239,2.93639842071163,214.697045880494,0.270116286306513,10,"",99.9796048991636,0.157817188611441
"2_1_66",9.78604750265485,2.17220777756032,136.326543002418,3.251855621951,-55.371,12043.7852695647,441.661986449565,246.54368402795,2099.95574629463,5467.67987695899,31.3472454133785,62.7762443218161,0.418480125815495,65,144.725761337395,6.72832374063118,160.071352928015,5.71467852918258,131.995585742835,4.64447245100436,160.290789265921,0.647306839201123,10,"",85.2194950075348,29.7265084615436
"2_1_61",7.86499457297908,0.609570165495469,161.59572831938,2.5987680173575,-54.949,12230.6629129624,938.899680763236,1396.07566420085,4352.13454207316,4604.66215825911,795.259747409655,61.2601782755147,0.487593917131655,60,114.664036579334,2.72449453036472,151.745866847377,1.49410140266052,122.869780892244,1.64260271755179,155.293914176003,1.21564032915974,10,"",93.427817912032,14.4992924208709
"2_1_86",11.0958895530738,1.68422391835059,185.962583668732,2.83755572286622,-52.5,12273.064201323,1114.39745064108,1350.34116360665,4798.85835223181,4470.44748636082,2333.30674422903,51.9917009297128,0.0868173579732136,85,132.134078803198,3.90287117029553,129.307481951289,2.58262184652126,94.7092703688838,1.476708044565,183.814231155712,2.57942969804053,10,"",82.8527755779516,25.9227966468866
"2_1_85",10.8717251546429,1.76002681833091,185.598444331138,2.90743153792692,-52.5,12522.5021867517,690.891388179864,198.201051669496,2430.67522956705,3716.74777847745,2328.52872449498,51.9917009297128,0.0868173579732136,84,133.097893771901,3.40283617082742,130.010884208491,2.20453061101077,95.0396357449455,1.27769729220535,183.047460143167,2.63319112051473,10,"",85.850334674926,24.5793876463141
"2_1_88",10.4972507557466,1.40851079277474,184.029951040525,2.8603223157542,-52.561,12229.3303538324,1281.78308385286,2245.25908423935,5434.52351580293,5693.1306052589,1382.38894633562,51.9215997047233,0.263391343821318,87,132.86430029202,5.53446994710933,130.065078263447,3.86338591302072,95.6294739298935,2.75184833719551,183.277461699709,2.56813500456766,10,"",84.7334802479456,22.4068280608836
"2_1_235",9.10985192689378,1.61364451920384,99.0600181971794,5.67130441344847,-47.51,10888.2733140712,1199.94555620303,8937.53652249891,8251.48135441411,3617.34924653573,426.149812558545,82.2687225146769,1.07469763189492,248,195.533381353668,4.78432754985112,181.314210662877,4.43881087724256,197.378587985529,4.22900015577626,154.299956323886,2.68897958201884,10,"",46.155510062607,34.9666161323912
"2_1_57",8.2048760867628,0.681593691451688,88.9092137114204,1.79413875308079,-49.833,10718.9930356343,374.851838536529,12099.7597907841,9080.76834406332,3943.54848777762,88.9834674132401,73.410586150255,0.535335102649769,56,149.380808550186,3.23637551280961,196.178396990786,1.46829052148361,187.548479330567,1.56158116080038,166.384916625605,0.844611702510577,10,"",70.3024768738653,26.1124691512623
"2_1_55",6.91527984179674,1.34256182816418,53.5006880388742,1.52796011003972,-50.267,11708.7801324866,355.790744565847,11506.8441161926,11076.9641751561,4207.95896224912,1320.62631407155,66.2536928336451,0.46990114336238,54,148.258492979853,7.4106258470347,227.842233899663,6.56463379706081,229.677280203832,9.92725939320134,160.044840029243,0.562403046316485,10,"",57.506461115053,31.6230257661797
"2_1_56",9.1268727075464,0.813195625145911,52.3681827956989,1.07724396701726,-51.962,13124.7738289345,473.354458414216,0,0,NA,NA,67.7991935483871,0.4300260179589,55,116.450191756272,2.04116368044046,184.928995519713,2.40384248586824,223.921908602151,4.24817885543092,171.806683811475,1.33439013357748,10,"",98.9124516129032,0.738839544182346
"2_1_251",9.16282877100811,2.57082450526859,2.46756161689575,0.504319154919408,-45.34,7257.70397072627,1097.84207332326,13797.0306534704,2351.83553383793,2026.1678102877,569.240197611373,85.6270815074496,0.518048669601802,267,442.912872391214,21.6766544767819,448.331274861979,13.7729223044008,399.965288614324,21.9369871791608,88.2056852519972,1.97944757321861,10,"",4.76129197751224,7.46134698650677
"2_1_53",9.02890169773253,1.08902173031118,61.7777313937681,1.11436448153652,-58.958,11904.7180439312,660.596216201461,240.503302184687,1676.64029745811,3150.10907463723,868.601841013804,68.696509424874,0.462174898475376,52,144.547383049855,1.17149259473325,157.023748085849,2.15245944745234,125.196689608911,1.08176642104986,174.830652001845,0.769600625580731,10,"",97.8344733095704,5.59189441524282
"2_1_51",8.18910234062553,0.708891981244838,69.5190407069823,2.82345356093976,-62.9,11147.7200671197,493.295617741836,18301.825154263,8518.60828402595,6059.56732704481,128.171945514301,63.8845923965249,0.609308209743834,50,82.7718610583389,1.00235614674104,127.120891242672,1.24428468460562,106.117383895091,0.879058984309018,180.005692706433,2.36876750562489,10,"",50.0792046449079,27.8846418025413
"2_1_38",26.9733956957569,6.78426321309364,240.066685331508,88.2802415002252,-65.602,12064.7222266214,1470.04121412243,19.3634044671188,372.900660916401,4336.71266364851,1319.05733779143,58.7223708496651,7.21112429121352,37,81.7585927400678,35.6323711127256,113.736983001169,37.4043266421069,102.757337183821,44.739306314555,209.44468005881,51.2713415673041,10,"",91.4397747775773,4.91312833323846
"2_1_43",8.29163318971109,0.657643907518393,95.7073799851712,2.62964503744148,-63,5615.22769376532,471.54179648401,6167.46156497039,722.379403864243,3614.06886723937,1117.33850088548,61.2961183805178,0.602244202381122,42,425.125556518621,13.6146159583519,422.232953022535,15.3683754268851,530.438178134692,14.9925050997058,86.7364713493364,1.99092201215906,10,"",92.506552908865,15.7151661182682
"2_1_45",8.16413979616729,1.13498897312436,101.701315693068,2.52413595237031,-63.025,5781.81553897338,145.437205277388,6184.20222914896,503.212317326675,1918.93723069301,1090.26253889169,61.1080396487298,0.448032238762803,44,419.413121866464,16.0706658495207,402.903151283292,22.8475919174639,513.47538352575,19.9049845362482,95.1520052269314,1.92943295202549,10,"",95.3194506955276,9.72649823468137
"2_1_40",8.02089783937787,0.551868005919617,92.9811795010283,1.08626139978699,-61.75,3711.78050303645,563.299484864282,4300.24159094949,1519.86143675247,2389.70231321285,1004.80616947127,58.6596314838281,0.473611709689999,39,486.890591135393,6.75939743736596,494.466607549666,6.68131442620582,586.246536072623,4.03365060383864,87.3649604541566,0.867985959482926,10,"",85.5,10.2391777152656
"2_1_21",16.6752670561015,2.06891822146946,39.1337000416421,4.19353763156663,-65.383,11915.5449137875,834.564086168629,2119.04361428424,6566.69024005151,3831.94969274652,2865.11385273148,79.888660772218,1.7681541898145,20,587.441280670664,41.4408675750989,454.673757187216,28.6483431171649,306.185805870561,27.6108233234226,79.385263208539,6.73039090213994,10,"",71.2008018516187,26.6089396984179
"2_1_30",8.21949579797398,1.98788679931973,134.402902009546,2.41712781182748,-52.123,6403.56970244007,539.970489564044,13916.9784203264,1776.98523022662,5679.68849923004,746.249294111801,44.3858449320124,0.700880667847469,29,352.233180244141,6.24409155972809,293.847770718395,6.21692793997594,467.754158143141,8.11815256255438,97.3669837165035,0.598726740271425,10,"",4.70516625887449,12.8080257921101
"2_1_247",8.68717353380353,1.72101911843528,56.2308807869784,1.99865117413041,-48.4,9306.02543136219,406.089424676116,17252.7715774729,1330.98494027239,2350.02237445767,550.706050023746,78.5397292226561,0.85757530818344,263,362.134967800822,3.77734862644013,349.789782503806,3.44497289016962,443.412430911212,2.86070382750395,111.448008825518,0.681856745133759,10,"",6.42123624562649,9.81229497272024
"2_1_252",7.67673568551351,1.0809547405916,117.833442142161,3.82359549864233,-49.66,10871.3265632393,895.174291892287,17695.0198681853,7051.86230924808,4419.84522121682,481.758370552904,60.6504323895423,0.92810904807127,268,296.558526594552,7.23458742565477,237.219886015525,6.89848800610036,381.306873537357,10.4632781764341,107.63722635788,1.15936244323443,10,"",16.8849472193486,18.2089736896956
"2_1_27",15.2500247246726,2.08525401449365,210.360709027853,9.8660692835965,-48.686,11324.3477286874,215.171952843043,0,0,1662.46384200457,599.859925259764,38.0320821270836,1.69525723839884,26,26.3507058002088,2.89730123894867,35.6304301824277,3.16840374618034,42.5587283080885,9.84605593041266,116.543827616412,1.12076932749615,10,"",96.567745951447,6.11696949463191
"2_1_249",9.59027671395754,1.62751559750739,85.7572386864237,1.6886005656425,-47.51,10796.1931216792,536.669719521532,19690.1157342536,2886.46902267404,2928.01759197707,369.790203960955,69.4354325190229,0.523239370589248,265,310.567129722333,5.86477181244675,235.660990499206,3.73744226598149,306.436027399546,3.63455376996086,107.770963638269,0.646589299100386,10,"",8.4123848618342,9.80471928888512
"2_1_241",8.84969170478632,1.77737786024096,101.844956195244,1.74141330000554,-48.17,10904.7836357846,767.954930067512,13881.00018372,8274.56706290973,2929.13941753852,452.660953329351,64.6369962453066,0.742307118954747,257,299.277869837296,7.57245356673972,221.911871809459,4.29511909230474,324.567314977055,6.96777386977036,103.94161703877,0.650791065575707,10,"",17.998958698373,23.3276649422593
"2_1_212",9.85270981877627,1.91987448015417,112.781415026404,3.92267419589768,-48.4,11600.1622646999,772.35947614289,5795.90922622378,7748.80518121314,2509.13270400364,305.686239908832,62.4561829892783,0.834053643260581,222,271.112593848349,18.5668466668403,201.195250027884,15.9924854488834,304.289403804608,21.0478790909759,107.510249095452,1.99586657588706,10,"",28.7948671787486,28.3623988293182
"2_1_250",8.69303900579028,1.43865408465101,89.2221721451034,2.4872262396661,-47.2,11006.01565968,561.831391764818,20149.1346443074,3207.83115181052,2516.43125102599,592.290889487717,69.2052360635379,0.813182287128135,266,301.361432439289,7.76885077893753,225.807543351609,5.23618393943351,294.854654501265,4.41726969040849,106.550064484637,0.695878025048351,10,"",11.8880075315987,11.0855761271568
"2_1_31",13.5049044327438,1.03473865984777,84.040611283373,1.90464401483273,-46.567,11625.8870643842,998.597097480373,11828.0575659597,8361.53425915627,3566.44548809436,619.899993950025,71.6878548705352,0.469464514050709,30,260.427748191251,3.90198819792922,170.355703523781,5.21383340097032,248.103459442409,6.570241808036,142.361611300026,1.36313989555357,10,"",28.3948475818467,22.0471967521474
"2_1_29",13.0358256676466,1.45428550536539,182.334429300176,53.0980685375633,-45.117,11651.1508121205,578.416091314654,47.6837225309486,1384.68995289463,3878.40738568014,1224.04964622931,56.0780527658218,5.67698911290567,28,116.828120848611,30.3737739376216,50.9424230196514,11.1777670149773,72.2036538870291,25.5811456970602,161.647121162786,27.6237770202923,10,"",91.6804459588714,15.293884604764
"2_1_28",9.8164472117086,2.00212490495151,195.590013806255,22.1514867002814,-47.074,11730.4125371199,507.607210803905,5340.48027276665,7923.54678443212,5822.28957877751,2679.05367013091,50.0728255147548,2.35788345506631,27,111.944943831385,14.4199314606522,51.6697728484197,6.55513058124578,74.6649102593392,14.0263918890671,150.910770775189,9.5733136896774,10,"",60.3884226104749,25.296540268321
"2_1_23",15.6835225896561,3.0151276056256,274.489972227733,5.02683357438945,-48.567,10951.5820706312,457.044057381018,43.1341221694997,1417.68335407047,2913.08082241291,2851.86025532806,43.9755901606824,1.08604474904777,22,22.8797910660469,1.02313402458252,19.7924170513307,2.06010346814871,17.7078634607465,0.544518875093158,176.679850832306,2.70453741414587,10,"",95.7688582129062,15.532756801103
"2_1_24",16.8098397775008,3.23405966651541,263.421046439811,5.47952388563982,-48.683,11212.0890629261,364.437436931122,15.8263755716182,301.895277435391,817.809997514296,392.03815542146,44.1485152397479,1.14945332699075,23,25.1751361888049,1.18074616968401,24.5770762758315,2.92890768278529,19.6910319631122,1.31698566458258,171.019721146627,4.2220257771666,10,"",93.9304040077253,10.492500107065
"2_1_25",15.3445246125565,1.65657145561288,260.621213461935,3.69190942976367,-48.861,11182.4359505148,526.051624600947,39.2295962009262,608.833870946037,1061.60442434581,532.929467391679,30.4254982351611,0.749109710293174,24,22.7690519029781,0.393759164808815,24.9910077681514,1.04380465796074,21.3861744453949,1.48419064459079,131.178015148181,2.91379017268976,10,"",90.4556725560176,12.6583893072487
"2_1_19",13.1857125944213,1.84806378039501,291.346512145338,5.5119084446684,-49.017,11291.4179492377,455.70475049302,1597.9893749542,5909.75644846249,3915.09688568631,1612.27691031476,24.784382769195,0.723051579868358,18,19.5427408510926,0.741432685392809,13.6709639173701,1.18635008607293,16.5479436925825,1.90869825150479,136.298399733755,2.3555499133789,10,"",81.5203679877725,22.5081495766061
"2_1_239",14.8411612909864,1.84210104879883,241.594751149113,4.74627591710424,-50.54,11219.8130137172,442.419526189925,56.3381366638251,1244.41485730297,1733.83326472867,921.076225814377,25.2933129046607,0.603537189042879,255,57.4060561129508,3.82690629472435,60.9546710369648,1.992027453925,127.581557356794,6.0783806971062,114.998729907735,1.12286724027903,10,"",87.1692680274799,18.5939371037714
"2_1_246",14.3469301329508,1.20144005462664,205.136518295959,7.47765032124787,-51.25,10663.4122446986,818.577966404436,18049.6701653501,5738.99525654182,3200.38509151705,520.509187807557,36.8485584097738,1.39955261522759,262,151.384853519576,16.1622219744453,110.147747547304,6.9434152039972,207.175541052324,8.28421699378976,124.106324170567,1.63867727663506,10,"",27.6969277911535,23.3269541135376
"2_1_7",37.7185437456828,2.24770399356168,302.404708546812,8.38279068677099,-74.03,13301.6924016831,1217.73324390896,19635.0634083185,2263.72847589596,475.78955078125,0,39.1959122908435,0.906734444331755,6,2.84844117484025,0.567773737700954,16.3250344109925,0.907173300393819,19.5800793468534,1.15862416495252,169.969172016121,4.15236568532399,10,"",75.094360988589,22.1325377757514
"2_1_6",36.0011336170915,4.40064819441527,252.116644377092,29.0379333701689,146.698,14095.1004658033,674.267815488735,1554.67358034476,4059.15292522996,1586.0241194057,1396.91510614308,21.9999446057911,2.2308261763722,5,167.185400460563,31.3081070197987,58.2182294128384,21.2523696214351,38.5187852313763,9.03919453484095,123.961963296719,9.32004073803114,10,"",87.1446659333529,7.83617375298634
